ACCESSCATALYST,POLICY,EMPLOYEE,USERNAME,PASSWORD,DESCRIPTION,FAILEDLOGON,SESSIONID,ACCESSDISABLED,LASTLOGON,USERPROTECT,LANGUAGE,DEFAULTDETAILS,DN,ORGANIZATION,EDITOR,DATEFORMAT,PWDCHANGE,MODIFIED,CREATED,ISFIRSTTIMELOGON,EMPLOYEE_ID,KEYBASED_SSO_KEY,IMPORT_MODIFIED,LOCKEDTIME,PRIMARY_PROFILE,PROFILE_ID,SECRET_KEY,GUID,DEACTIVATED_ON,ACCOUNT_GUID,USED_INTEGRATION_IDS,IS_DELETED,IS_ANONYMIZED,DISABLED
1,2,1,brooke.bowers@example.com,oN7YigE4$4J9,History bag thousand whether yet adult.,0,7576de02-ba8f-48bd-b,0,2024-03-16 10:37:06,1,5,0,"CN=brooke.bowers,OU=Users,DC=example,DC=com",Allen LLC,491,2,2025-06-08 10:37:06,2025-06-25 10:37:06,2025-04-23 10:37:06,0,EMP-1,f7efa522cd7148e28ebfd4762ede37eb,If short together through. Democrat best current.,,63,PROF-547,GgxxgzrtjH,2a53acb6-0513-414f-ae74-5c1a3f7207ad,,b9523e61-ebec-47f7-b10c-3a735ab2b9c6,0299ce58-5bdc-4752-b6be-63384ebe9a74,0,1,0
2,1,2,penny.flores@example.com,yO*Md5Jh1@&@,Story save almost from skill condition.,4,3d7d1ed8-fb33-443d-8,0,2025-06-24 10:37:06,0,4,1,"CN=penny.flores,OU=Users,DC=example,DC=com","Roberts, Harper and Jones",632,2,2024-12-02 10:37:06,2025-03-11 10:37:06,2024-06-05 10:37:06,0,EMP-2,3827f31bc2774f6dbca09e4f538a96b3,Provide fly cold despite million together.,,88,PROF-784,dTxaXgajQV,f3e425e6-8428-4bd1-868a-c3044f142102,,c09ee644-5aae-411e-bb28-72aea4baea55,73e6e77f-c9ce-445a-99d0-f0a1aaa0e641,1,0,0
3,2,3,kristin.james@example.com,A37mbV^Y$f4H,Special main natural miss stand history.,2,2db4a56b-0a56-44e3-8,1,2023-09-06 10:37:06,1,9,1,"CN=kristin.james,OU=Users,DC=example,DC=com",Lee-Parker,881,1,2024-05-11 10:37:06,2024-05-31 10:37:06,2023-11-30 10:37:06,0,EMP-3,c0cac70994e94db9a3bc2a4a5cae9e4f,Within consumer rich discuss like court require.,,51,PROF-482,hMeXsRpDwl,ff80403e-2b59-4353-a06c-9402c39869a2,,b95eb1c0-3827-4f51-a470-42bd9b8b0dfc,"8c2eee69-63f6-4ca2-8031-471c7cd14208,16f03281-7c50-4276-93e5-04df6b00fffe,41b11d35-11ec-4361-8d7f-1e8a9e828a09",1,0,0
4,2,4,ricky.hill@example.com,jf_d&+GX6TC_,Season term better imagine surface.,5,70268cb2-9280-4885-b,0,,0,10,1,"CN=ricky.hill,OU=Users,DC=example,DC=com",Knapp-Goodwin,544,2,2024-02-12 10:37:06,2023-10-14 10:37:06,2023-08-28 10:37:06,1,EMP-4,9e0cdb70619943fca2711dea22a4f78c,Different image anything support free.,,50,PROF-115,tBCZJeGDbr,4b55b42a-75de-4d47-966c-25e12f8e1f54,,fb39a805-7baa-4a7b-be71-ee8a5fb73460,"61f6df2e-7d76-4a71-8fd2-8af65cb1056d,e8f5fc33-e38d-4082-8a2b-a79b207aa039",0,0,0
5,4,5,cynthia.martin@example.com,(zlJcX3DD7qI,Mission source success your.,1,d2b8480b-1fd5-4287-b,0,2024-04-20 10:37:06,1,5,1,"CN=cynthia.martin,OU=Users,DC=example,DC=com",Ross Ltd,954,3,2024-05-27 10:37:06,2024-09-11 10:37:06,2023-12-22 10:37:06,0,EMP-5,f56a12094ccb4c62b0a92e8b001aeaa8,Place pick point player.,2024-10-06 10:37:06,22,PROF-828,lxgTfTxogh,8b614fb8-e439-4781-a62b-d976e83d9415,,4a23fb95-f905-429f-b0e9-cb2da9346555,49a517c2-953e-4afa-a654-308de5307950,0,0,0
6,3,6,vicki.ryan@example.com,RE7Jvqx+_@t#,Consumer thus technology discuss range walk professional.,4,d5ab74d7-7c53-4ceb-a,1,2024-02-18 10:37:06,0,4,1,"CN=vicki.ryan,OU=Users,DC=example,DC=com","Compton, Jones and Hudson",765,1,2023-03-27 10:37:06,2023-11-21 10:37:06,2023-03-11 10:37:06,0,EMP-6,f48e11adbb27432f922221c525c256bd,Magazine career sport play.,,95,PROF-715,JqodKKIIhO,9c91bada-7554-4ee1-969b-df7153531126,,bb9e9c3f-a584-4e22-8d7b-fc71f026f774,"4bda8277-ed93-4c82-aac3-159fc14589c4,0da8c596-5300-4aee-8705-3bbdd32d5532",0,0,0
7,1,7,jeffrey.barker@example.com,_z^7YRkqPIG@,Run security likely tough less model.,1,f018d41d-fd7e-42a9-a,0,,0,4,1,"CN=jeffrey.barker,OU=Users,DC=example,DC=com","Henderson, Moss and Cervantes",64,2,2023-12-12 10:37:06,2024-07-20 10:37:06,2023-10-28 10:37:06,0,EMP-7,19363c6e7f3741d29c1e299e4a2bc12f,Visit miss between.,,55,PROF-258,YUPJdcLBKl,bcc891d8-fe28-4e71-9446-5187e840d985,,2444db2e-c771-45b6-b91b-3e5412fe1e69,21b6b311-9786-4fe1-860a-e2e1678bcb81,0,1,0
8,5,8,robert.jimenez@example.com,Sq)AG&iQ&0Vi,Factor culture appear behavior yourself most fish.,5,761e53e6-fb98-4765-9,0,,1,5,1,"CN=robert.jimenez,OU=Users,DC=example,DC=com",Norris and Sons,815,2,2025-04-01 10:37:06,2025-03-06 10:37:06,2024-11-10 10:37:06,1,EMP-8,df45d4d963cd4beeb2a1ecbb8a7a10f7,Mission southern fear record physical suddenly.,2025-03-12 10:37:06,47,PROF-856,gxotSqgXeJ,a8ba70ed-ae83-4e2f-8fc3-ec98cfaf7857,,dc9a588d-afc5-402d-9a68-283ed24a6e0d,"e6f17850-2742-42ff-adae-93c677469143,2f67a3c3-12af-4da7-9fd2-ad2007fd0785,ad7884eb-8ed0-4558-97b2-bab4c5fde38b",0,0,0
9,3,9,valerie.cunningham@example.com,C39WCjiF%*E$,Read plant teacher sometimes.,1,d9566cb1-76df-46f2-b,1,2023-09-26 10:37:06,0,6,1,"CN=valerie.cunningham,OU=Users,DC=example,DC=com",Hays-Pearson,860,2,2024-10-27 10:37:06,2024-10-21 10:37:06,2024-10-14 10:37:06,0,EMP-9,9583f78b94bf4a979c33ea6a9997a29f,Former loss meet step total benefit.,2024-11-13 10:37:06,39,PROF-348,QkNBlyUWQB,21169c72-7099-4e97-8812-93b1e4ec75b9,,508b2863-946b-4166-aada-0732e205b44d,8361a49f-dee0-4263-a613-ef9a5453e292,0,1,0
10,1,10,beth.collins@example.com,%6JxFwUu6hrd,Pm pay yes glass pass peace.,1,8283c867-3e5d-493a-9,0,2023-07-31 10:37:06,0,1,0,"CN=beth.collins,OU=Users,DC=example,DC=com",Hall and Sons,1000,3,2023-02-25 10:37:06,2023-07-14 10:37:06,2023-02-03 10:37:06,0,EMP-10,5b01e0bee64744af816cf07e0e46049a,Order soldier vote direction seven line add car.,,74,PROF-381,sFOCydoKEU,695eaa65-41f6-4227-9c35-de0bb01e41c1,,229d2119-88cf-4801-be27-a825777d0f67,"24c1626c-53e0-4778-9c29-780a687456fe,4dd6f172-0200-453d-85a5-e791ffb7bb42,983ba4d6-ec1d-4148-bf3d-4f96b226caa1",0,0,0
11,1,11,carolyn.mitchell@example.com,_Q(*0DjEBNIz,Edge me change relate.,5,65c48560-2de5-4737-9,1,2024-05-23 10:37:06,1,9,1,"CN=carolyn.mitchell,OU=Users,DC=example,DC=com",Ryan Inc,512,3,2024-04-25 10:37:06,2024-06-19 10:37:06,2024-04-05 10:37:06,0,EMP-11,674ae9d4abac4c5f84a699d3c797b6a1,Learn camera I suddenly provide special.,2024-07-13 10:37:06,84,PROF-956,zKukeWjkbg,02552d0f-5710-4f5d-9e03-699ec1061a75,2024-07-02 10:37:06,185a4d53-02b4-43d0-ac6a-69988822e5b7,"2ca333d9-80ab-4f2e-acdd-ea446fff7205,75fa31fe-6c7f-40c9-99e1-b6431c2e78dd",0,0,1
12,2,12,scott.castillo@example.com,dT5h&1YnF8ZU,Season town teach go past short.,5,b55cd5eb-f587-46ef-b,1,2025-02-19 10:37:06,0,4,0,"CN=scott.castillo,OU=Users,DC=example,DC=com",Walters PLC,522,2,2024-08-31 10:37:06,2025-01-03 10:37:06,2024-05-23 10:37:06,0,EMP-12,1d89c5bf8036418db1e042d17239a639,Foot field western discover thousand discussion.,,86,PROF-844,sEBbfmtaxY,0d3a873a-ed31-493d-aa4e-e0aee4945895,,03eb0f47-777a-4120-9fb5-b47663d5ff6b,"6cbba679-759b-4473-8bc7-0f7f6ef4bc95,adc5841e-0d5f-4ba2-bf0f-4eb86f77cc7a",0,0,0
13,1,13,sandra.herrera@example.com,Xd91u(RzB&A*,Let maybe color difficult ground.,5,3dadbb35-d21e-43ba-b,0,,1,10,0,"CN=sandra.herrera,OU=Users,DC=example,DC=com","Kelly, Gardner and Miller",636,2,2024-09-10 10:37:06,2025-01-28 10:37:06,2024-04-11 10:37:06,0,EMP-13,512ac3b10e7e4877bec5888a36f3f327,Follow difficult natural. West believe admit guy.,,43,PROF-795,FPZqBgSMuJ,4b34ee36-d631-4b86-9b3b-32bc1dab462f,,cb34e196-103a-4b2d-80af-65c2f8cfe871,"7dcb89cc-beca-45fc-9cfe-dc4ac8c7915a,c62a952e-9813-4caa-85fe-018363cb346b,e81770ce-c6a5-4c41-8767-64ad9de4a79c",0,0,0
14,2,14,sean.gibson@example.com,_ndVi$y+UX3W,Team large perform simply.,4,09661c3d-873e-472b-a,1,,1,4,1,"CN=sean.gibson,OU=Users,DC=example,DC=com","Walters, Williams and Jackson",107,2,2023-10-28 10:37:06,2024-03-12 10:37:06,2023-10-16 10:37:06,1,EMP-14,b015d1b8691242909eb9391505ddcae9,Wife draw drug similar grow police.,,97,PROF-470,bGSVuHbnjL,9969e05a-0e79-45a9-a25b-396ef17759e9,,5d7a7325-a998-400d-9442-78fcd758323b,"069d7bd5-bc5c-4e85-a440-eb4d4a9e396c,2680f8c4-98c5-43a2-b07d-dd132d1b6d1e,362ed244-d09d-4b92-bc10-aebc21d795ca",0,0,0
15,2,15,rhonda.williams@example.com,C@X8RJCyCE5*,Radio item ask election news.,4,10ddff2f-ea5a-419a-b,0,,1,6,0,"CN=rhonda.williams,OU=Users,DC=example,DC=com",Zhang-Coleman,394,1,2023-09-01 10:37:06,2024-04-02 10:37:06,2023-05-28 10:37:06,0,EMP-15,4366db07ba1f403e8e8786517d5be2a7,Sing anything all tough play garden.,,67,PROF-940,jtEOZzeYIK,69e40783-e790-414a-9f08-92203cc505bd,,86e26cfb-7715-4c64-ae1b-3bf1b5dff606,"e5caea46-c27a-4a76-adaf-ef6ed34fa0f2,bbf3c433-ccbe-4144-a286-1629bad25b66",1,0,0
16,3,16,megan.davis@example.com,^wh9@Xmj7(XH,Fill poor value.,3,542a1def-2d63-4e1a-a,1,2024-05-03 10:37:06,0,3,1,"CN=megan.davis,OU=Users,DC=example,DC=com","Valencia, Neal and Gomez",633,2,2023-10-29 10:37:06,2023-12-21 10:37:06,2023-08-23 10:37:06,1,EMP-16,2d711b18bbbf426382da20a7e3a018dd,Possible two ask far will.,,16,PROF-250,CMlzWXLuXJ,f330fdbd-86f9-4fb4-8ed9-a80fc18a1103,,f4ff37ea-275c-4f3a-8af0-a190175ed9b6,"dd01be7d-14f1-48ea-aa9e-05b660cf56f4,e8a0f65a-e446-4b7d-8fc9-3f8bc2368f62",1,1,0
17,3,17,paul.holland@example.com,^fcx0EnV66AZ,Former same probably address.,4,94b5fb4f-b51d-4c80-9,0,2023-12-03 10:37:06,0,7,0,"CN=paul.holland,OU=Users,DC=example,DC=com","Spencer, Wolf and Crosby",565,1,2023-06-25 10:37:06,2024-02-26 10:37:06,2023-04-06 10:37:06,0,EMP-17,1615ee42bbe544dea92d8a220ef3dfce,Leader direction each cultural certainly human.,,44,PROF-733,cTjYHYkTdG,f9c7fa30-ecdc-421b-89a3-165239138c15,,6e1f9ab8-359b-417d-8907-243ff5522bdd,"565941d3-9fe2-4ab8-ac01-5ffe0353bfc1,32fc3784-fb9f-40f5-ae6c-c559e93f6016",1,0,0
18,1,18,kelly.jordan@example.com,G0ikzfr+(pMI,Quite see have field relationship next risk.,3,28f12a25-a63d-4f12-9,0,,1,10,1,"CN=kelly.jordan,OU=Users,DC=example,DC=com",Potts-Wood,853,2,2024-08-22 10:37:06,2025-03-20 10:37:06,2024-03-24 10:37:06,0,EMP-18,dcb437cc766f47efa86857a9eafee193,Resource almost participant worry.,,37,PROF-481,pWqzUstVgX,d1d757da-f6ba-4f22-bf65-6ca136e85121,,d7742921-c5b4-43d3-834a-3fe973975d19,"58be191a-7644-4f6c-a0b9-cbe371544f96,9f9f7728-ca6c-46cd-a7dc-44e2b4120ab8",0,0,0
19,5,19,kenneth.hess@example.com,!tadxF%meZM2,School despite body.,5,4dc992d6-511d-4502-8,1,,0,3,0,"CN=kenneth.hess,OU=Users,DC=example,DC=com",Greene Ltd,268,2,2025-01-28 10:37:06,2024-09-16 10:37:06,2024-08-13 10:37:06,1,EMP-19,fd1852009fb54b50ac7347a461469993,Morning media wife player read return something.,2024-09-20 10:37:06,86,PROF-505,iAilusatQK,7d0dd786-070d-496b-99a5-834ffb17c9dc,,09df48bf-5952-4c67-92b1-eaf739863e09,"deec2540-c349-44e5-bf00-4d1a5310a6af,954853cb-c462-4fbc-94ba-4b69aa895558",0,1,0
20,1,20,steven.snyder@example.com,YB(cg%^B%0V7,Official program grow future half.,1,bb6bacb7-8ce3-4c12-b,1,,0,2,0,"CN=steven.snyder,OU=Users,DC=example,DC=com",Marks and Sons,728,2,2024-10-22 10:37:06,2025-05-30 10:37:06,2024-06-25 10:37:06,1,EMP-20,be9b399374384ba483976e4ec990792b,Hundred amount technology information shoulder.,,8,PROF-824,pOLyqnAfmz,03e66934-24e3-4199-8498-d90879b4b287,,263b0490-628c-433b-964c-579a9ed1e104,"e6ead24c-1f43-4f70-805c-17afa320813c,f8c22c7c-825b-48b3-a71a-8b300c3784ce",1,1,0
21,5,21,steven.navarro@example.com,o_b)L4&GKm3C,Win teacher TV agent truth TV.,2,7edb7d33-7b6a-4b04-8,1,,1,7,0,"CN=steven.navarro,OU=Users,DC=example,DC=com",Williams-Williams,521,3,2024-03-17 10:37:06,2023-12-29 10:37:06,2023-09-26 10:37:06,1,EMP-21,507e9bcfeee74446bc0093d322630476,Among list expert item fall several.,,30,PROF-783,FUYMVhLMsV,835a3916-f2fa-48f8-a8da-64c43acd35ee,,597d0db2-fcb8-479c-a7ee-4d559868d411,"5c85e725-d2cb-46d1-8920-6f22090464d8,24850843-e015-4631-8dec-31b784c3dca7",0,0,0
22,3,22,austin.young@example.com,45JofS)r(ZEe,Audience anyone word marriage body difficult.,4,4029887d-792a-4800-9,1,2023-10-19 10:37:06,1,4,1,"CN=austin.young,OU=Users,DC=example,DC=com",Green PLC,649,1,2024-12-02 10:37:06,2024-11-09 10:37:06,2024-08-25 10:37:06,0,EMP-22,8ccae3e344f246db9f15ba93508b6639,At north reduce. The ground case quickly.,,7,PROF-160,jdgaDfHxyS,c2fff011-8912-4299-9b3b-236493328a21,,c2711e50-c494-477e-82ff-f180c2521a58,"19a30c27-0844-44af-8c32-0c97a754b162,79d7bce4-53f6-45a1-9137-0373dd7921b5",0,0,0
23,4,23,pamela.jackson@example.com,uy^73Lhf8cy1,Hold discuss himself image.,5,5f5aec34-8688-4860-b,0,2024-07-27 10:37:06,1,3,1,"CN=pamela.jackson,OU=Users,DC=example,DC=com",Travis-Klein,523,2,2025-03-07 10:37:06,2025-02-27 10:37:06,2024-11-10 10:37:06,0,EMP-23,e8a73a36f9f64440af1dca8dfe12dfc8,Crime final method instead attorney always less.,,27,PROF-251,wVecBlEqcE,860146ba-64dc-4548-9fda-b7844563dd37,,754cf8e8-d1f2-4137-990d-802c66b967e9,"fcb368e3-6326-4c71-9329-65ac512d2bfb,bad19972-21dd-4952-83dd-050cb1ad2431",0,0,0
24,3,24,amanda.butler@example.com,SrF%rr0K)1)!,Agree however beyond quite detail.,1,3c969729-28b2-4d2b-a,0,,1,6,0,"CN=amanda.butler,OU=Users,DC=example,DC=com","Juarez, Thompson and Sanchez",210,2,2024-08-21 10:37:06,2024-07-26 10:37:06,2024-03-04 10:37:06,1,EMP-24,f2aa41af5e704ece96d70359f864a219,Decide series six deep.,2024-08-15 10:37:06,45,PROF-975,ZLSUxNLmZL,a59bc4cc-cce2-4f94-84a3-796120d6a78d,,55857677-7713-4b5b-92f2-d000762b151d,"97e44222-8c87-494b-b9c6-d982345b38ec,0125d828-40db-471b-973f-79a1eaa73e57",0,1,0
25,4,25,cheryl.hunt@example.com,7&8ToQvtTL1o,State none product fire start.,1,b1f549ae-7daf-4473-b,0,,0,10,1,"CN=cheryl.hunt,OU=Users,DC=example,DC=com",Lowery LLC,153,3,2023-03-18 10:37:06,2023-11-05 10:37:06,2023-02-10 10:37:06,0,EMP-25,a500f31667014ca6912acfac7da12ece,Land worker specific. Interview party amount.,,72,PROF-384,ahoAvMFvAK,fbb82986-8124-4ba1-8c64-b5b08cc919ca,,074c0978-3f9c-483f-96d7-10ee69e0b945,5d4b2116-a873-4c4c-8fb8-24e4df20e8af,1,1,0
26,4,26,kimberly.trevino@example.com,8qVAebk_$&uS,Why baby house its police somebody.,5,56102d95-f9c9-4344-8,0,,0,3,1,"CN=kimberly.trevino,OU=Users,DC=example,DC=com","Goodman, Durham and Barker",282,1,2023-08-29 10:37:06,2024-02-09 10:37:06,2023-06-20 10:37:06,1,EMP-26,0b5f08aa7a8a4c4b8398892d6bdfaf66,Look person total per fact we break.,2024-03-07 10:37:06,8,PROF-162,UutzAfcJaf,a942519f-d036-4ee9-b82d-9e5011c17be9,,591ea78d-d431-4210-b0f5-de08365dcde2,"8a9bfa21-f3e3-4e95-b2ae-9be264d80964,ac750c4f-4897-4900-b5ad-ee0b471f7664,ffeea06d-90c9-4090-b2c6-3fb69a08ddcf",0,1,0
27,2,27,amy.gomez@example.com,v^%3qP&1ohi4,Both nature tonight action perhaps clear day.,3,c0d704d7-f1ca-4209-b,1,,0,2,1,"CN=amy.gomez,OU=Users,DC=example,DC=com",Hanson-Pierce,975,3,2023-07-11 10:37:06,2023-12-17 10:37:06,2023-01-25 10:37:06,1,EMP-27,a8e66712c6034a58955125f579538984,Along enter cause decide. Few firm tax edge.,,54,PROF-959,EZrcZGAoXG,33ad8a7e-5056-4c78-9390-e7e5bcece639,,65796c8c-8f41-4383-bef5-cbcad5cf0b1d,"4ebf28f2-79a2-49f6-8051-bbf4020d3273,1ede3042-bbdb-4fbb-80b7-87cf8b7d53c7",1,1,0
28,4,28,lisa.gross@example.com,b+TNjrRhHaL1,Result either ball rise.,3,996ee9a4-1dda-4524-a,0,2025-01-02 10:37:06,0,6,1,"CN=lisa.gross,OU=Users,DC=example,DC=com",Stone PLC,718,1,2023-04-30 10:37:06,2023-10-02 10:37:06,2022-11-14 10:37:06,0,EMP-28,e8b8ea36c0694415bf11df98725041a1,Such born car study tell during.,,61,PROF-885,xWdvTEkbzu,50ff9af9-e556-4958-8e05-a8e9a60a31f5,,b1430e15-e451-40cf-8438-1817aa10a308,dbb6535d-cb4c-4ca3-b5f2-33fa61905720,0,0,0
29,3,29,maurice.gutierrez@example.com,R9%nPfmz&CFT,Respond treatment difficult whether big.,1,314d0885-0479-481f-b,1,2023-09-22 10:37:06,1,9,1,"CN=maurice.gutierrez,OU=Users,DC=example,DC=com","Gallagher, Hickman and Sampson",880,2,2024-08-16 10:37:06,2024-09-05 10:37:06,2024-06-16 10:37:06,0,EMP-29,7c7e6e92d6254ba6a9f3972345697883,Believe north imagine several special kind bag.,,76,PROF-960,FiOGWpgIbI,115fc29f-4e21-4af8-81b4-d7a251eb9ad4,,14af937e-4cc6-44c8-baab-b540264b5900,"cf2d9968-5b08-49d5-955f-f98a91458333,89eb9fb6-4cfb-416d-88ff-52e7d734853d",0,0,0
30,1,30,mark.bell@example.com,B9gKl3wo%gJT,Enter could attention happy.,5,85b7f0d6-4e67-47aa-8,0,,0,9,1,"CN=mark.bell,OU=Users,DC=example,DC=com","Andrews, White and Myers",85,2,2024-04-08 10:37:06,2024-03-11 10:37:06,2024-01-04 10:37:06,1,EMP-30,defbb4ebfd1f47a79e57c7a1979c8eec,Whole foot treatment live religious.,,29,PROF-767,XWFjDbtRHk,3b30cd32-82e8-4580-96b0-b442121df4b5,,2298ba29-79dd-4156-b927-b8886392067b,63cc5eba-2317-41a9-83fc-f064cbaef8fd,0,1,0
31,5,31,karen.watkins@example.com,@^2teTxlkhzA,Economic east environmental interview father future.,3,8128ec16-5ad1-4d6c-9,0,,0,1,0,"CN=karen.watkins,OU=Users,DC=example,DC=com",Wright-Landry,7,2,2023-10-31 10:37:06,2023-08-07 10:37:06,2023-07-13 10:37:06,1,EMP-31,8e5d79997f0548e0b7b08fc692f2a481,Figure learn experience since debate.,2023-08-23 10:37:06,82,PROF-635,yjReLVkXIu,6df0aa9c-5870-4ad9-b211-f0b1eb2c27a8,,8d6922af-89ea-4092-ae22-65e1af93c931,"cb3ab8e3-6d12-4b86-8811-6a9f17b7adb0,85918421-7e79-465a-ba65-18ac4655bd2c,b8933660-0e4f-4246-812a-0f8753fab919",1,1,0
32,4,32,shannon.ramirez@example.com,S)Y(vVGS#o2X,Nice board letter situation.,5,67c2f075-31d4-405a-9,0,2024-08-14 10:37:06,1,3,1,"CN=shannon.ramirez,OU=Users,DC=example,DC=com","Harris, Goodwin and Sharp",568,2,2023-07-11 10:37:06,2023-08-10 10:37:06,2023-02-05 10:37:06,1,EMP-32,01abd61f86e24edca6001886adf18e86,Chair fly those machine audience.,,95,PROF-223,AUeEzoEelT,72f1b71a-ab43-439f-88db-706f5b214e8d,,6705c147-10a3-43e8-973a-9079c60fcfd9,"2304a0ab-7b16-4b0d-bf49-407efe9e5e61,417edb9f-e4af-485c-8368-22fee8e791d6",0,1,0
33,5,33,tiffany.kim@example.com,@7YV27k3tzyg,Voice of quality fire place general.,4,b7adf367-3086-4bfa-8,1,2024-02-16 10:37:06,0,2,0,"CN=tiffany.kim,OU=Users,DC=example,DC=com",Chandler-Miller,746,3,2024-11-02 10:37:06,2025-02-27 10:37:06,2024-08-08 10:37:06,1,EMP-33,32afed8f143845dc8e3c386affb1461c,Establish kind part few watch.,,37,PROF-370,sYDQJxFleh,1aedb504-61f9-4cbc-b0f1-aeb4b163d401,,d833872a-b209-4555-b3a4-e29964f30bf9,"59f31f8b-e8bb-42a3-9b98-b128e0206d27,5e109f36-8f62-4e9c-837d-cf0cfae34d59",0,0,0
34,2,34,amanda.harvey@example.com,066WqBKmx#5p,Best he available guy rise.,0,ce5a5b0b-3ab3-4f37-8,1,2025-03-13 10:37:06,0,10,1,"CN=amanda.harvey,OU=Users,DC=example,DC=com","Parker, Perez and Campbell",6,1,2024-02-25 10:37:06,2024-03-12 10:37:06,2023-09-17 10:37:06,0,EMP-34,1abca1cf67cd4b5fb5b9851f257be803,Culture commercial city.,,92,PROF-659,HicPnzFglG,37c13c5c-849b-4f63-80dd-e31ae0a6034b,,6afba480-5e59-46f4-bf40-e02c824de82f,b46e63fd-18ce-48ed-98f6-c7516c42b867,0,1,0
35,4,35,gina.lane@example.com,d$ZD4Yn2!hal,Follow film show wrong course second feeling always.,3,56e08e74-57f7-4f84-9,0,,0,1,0,"CN=gina.lane,OU=Users,DC=example,DC=com","Webb, Hayes and Daniels",557,1,2024-10-07 10:37:06,2025-05-20 10:37:06,2024-07-03 10:37:06,1,EMP-35,81861d63f5b74073bd09dd3de7ed036c,Now ahead put at religious. Leg detail past off.,,26,PROF-686,eQAjUxlmNQ,93e9ed08-7550-4a1a-9c68-8cd92088177d,,52f4b421-34be-4711-a067-d14537430cea,"fd9ca225-0b68-4a36-ba97-0d5034f71897,4f0d67f4-5fb3-46ce-9136-a4041cbd0d4f,a01b08b2-a3ae-4c86-b060-536370ca2afd",1,1,0
36,5,36,james.ball@example.com,ijZqEOYq*Zc2,Common game hear charge.,0,45fe3e51-b2c4-4da5-a,0,2024-02-22 10:37:06,1,7,0,"CN=james.ball,OU=Users,DC=example,DC=com",Browning-Jones,538,2,2024-12-05 10:37:06,2025-06-10 10:37:06,2024-09-20 10:37:06,1,EMP-36,a0c6ad5208534f4c94a761aa0467ac8b,Cover as act.,,29,PROF-616,kvzsLnWhjc,549977a1-7a7e-4c3d-a1a5-2edfe34bba52,,df305cd3-5d55-40b0-9c49-e56bcbe6ffb3,ff097668-86b4-4b18-9360-10e186b79b79,0,1,0
37,5,37,susan.spencer@example.com,$5Kipt%Rqehk,Grow score without try family power.,0,2ab1c4c5-4f3a-4817-9,0,2023-08-17 10:37:06,0,8,1,"CN=susan.spencer,OU=Users,DC=example,DC=com",Hammond-Howard,694,2,2023-10-22 10:37:06,2024-09-10 10:37:06,2023-10-08 10:37:06,1,EMP-37,d4dcd190a8e84040867bfe2a2b2b4c4d,Several consider notice material instead.,2024-10-02 10:37:06,62,PROF-662,dLjuOCToOL,173145a1-48be-4347-95ad-708e99880a9d,,5470b956-5efa-4af5-bd31-78d2c1feb7a3,60c4bd3e-5374-46cf-959c-15ec453d1b97,1,0,0
38,1,38,robert.burgess@example.com,$Qo+$1Dc!%tZ,Box new inside reality professor state care.,0,d308a5f6-8aef-404b-8,1,2023-11-22 10:37:06,1,1,1,"CN=robert.burgess,OU=Users,DC=example,DC=com",Gamble-Rich,289,3,2023-07-03 10:37:06,2024-01-09 10:37:06,2023-05-17 10:37:06,0,EMP-38,ea535ac37c0f4e5a8b4dec50cbf91bc3,Couple effect win nearly fish view show.,,58,PROF-537,uqwkCBcifA,22c10ce1-71c8-4f49-a0e9-829774b61189,,9921df8e-ab94-4a1c-865c-0a3fa02f8022,"5524062d-d6c2-47cc-912d-dacb4109e6c3,57d31a04-48a7-4932-9819-a46b0739a36a,72e6fc75-7660-46cf-9598-7d416967d04c",1,0,0
39,1,39,karla.young@example.com,+4&31p5tSFYS,Skill federal bill second.,1,230c3f2e-fb94-4036-8,1,2023-12-05 10:37:06,1,10,1,"CN=karla.young,OU=Users,DC=example,DC=com",Sampson-Salazar,131,1,2023-06-17 10:37:06,2024-02-06 10:37:06,2023-04-12 10:37:06,1,EMP-39,d3dcbddf29a4417693ac8d8c296d75f0,Case gas at.,2024-02-28 10:37:06,43,PROF-632,RgQZToPjOX,ee9976b4-f479-42fa-9c48-a7c9d7321eb7,,c9bcb940-b55c-4e64-b422-a9f67e0b1b50,120cbf26-ffb7-4cc1-a03e-fe58fad5a65a,1,1,0
40,2,40,troy.jones@example.com,@x26crMmfBIW,Wall amount religious watch.,1,02dd7432-a671-41ae-a,0,2024-04-26 10:37:06,0,9,1,"CN=troy.jones,OU=Users,DC=example,DC=com","Stanton, Parker and Hall",743,3,2025-07-04 10:37:06,2025-02-16 10:37:06,2025-01-20 10:37:06,1,EMP-40,e9159e622c844892abd7a1b22cd74ee7,Business speak price sell glass.,,69,PROF-375,QLcVeECYzK,e486e78e-a396-4797-af61-7401a0988c97,2025-03-22 10:37:06,78cb8843-7eaa-4d2b-9beb-715c1ecf5955,"d872a282-9ac1-4722-909f-f842ce5c90d9,2f5b7aea-0882-43e5-9fa8-c2366836161d,f8c39f6c-fe29-4d76-9bb8-14fd4f7db363",1,1,1
41,1,41,kristin.novak@example.com,qZu!kWgv0f_O,Officer today bed worry.,0,9afc91ff-e5d7-4277-b,1,,1,9,1,"CN=kristin.novak,OU=Users,DC=example,DC=com","Martin, Rosario and Cunningham",170,1,2024-10-13 10:37:06,2024-12-31 10:37:06,2024-07-05 10:37:06,1,EMP-41,6008c228ca7b487a82733d61f131ddcd,Avoid guess include none why.,,86,PROF-544,iFDqkqVnOt,aeae142e-33c6-4897-9ffd-48a83435b048,,a56e655b-7cf0-4c56-afd1-e9d7fa08c53b,68f3e3ac-7512-4055-a188-2d13e4a1aa93,0,1,0
42,2,42,erika.bates@example.com,nR+2Z(ni^qyW,Continue low push outside might write itself.,3,f7c9fbd6-2ed7-47ff-b,0,2025-02-05 10:37:06,1,3,0,"CN=erika.bates,OU=Users,DC=example,DC=com",Rivera PLC,136,1,2023-12-30 10:37:06,2023-10-28 10:37:06,2023-08-10 10:37:06,0,EMP-42,ecec235b3e04451e87b4e6e59e5ee1e5,My near challenge brother effort security.,,93,PROF-119,iRaJExjKDJ,ca752b18-787d-47d9-9d5d-2e278cbe6038,2023-12-09 10:37:06,f0535862-7d03-4442-bc24-312aa0c5ed54,"46aa7ec5-5940-42a2-ab6d-ab2050153a58,9000b208-a233-4558-97b5-511c5d7ba428",0,1,1
43,2,43,katherine.wilkinson@example.com,4@lz2Nbc_p5U,Wife performance series night race car state want.,3,1ab3d6c5-b67d-4162-9,0,2024-02-24 10:37:06,1,6,0,"CN=katherine.wilkinson,OU=Users,DC=example,DC=com","Morgan, Ward and Osborne",260,3,2023-04-28 10:37:06,2023-10-28 10:37:06,2022-12-15 10:37:06,1,EMP-43,98017207720240bea42c8fdc7aafda6a,May appear share evidence.,,58,PROF-455,BLTGIArYCV,6518ae86-798d-4078-8b70-f5e12e976ce0,,8e8d106f-640a-4605-9ad4-4e80eae1a728,"7ad30cb2-1f39-4223-99c7-03db22370731,62cfd7e9-5e37-4497-9e08-f49647d378b1",0,0,0
44,1,44,kenneth.cox@example.com,&w8EZBnb^a)z,Event north mission red environmental.,5,c73bbfdb-1a00-4dd5-b,0,,1,4,1,"CN=kenneth.cox,OU=Users,DC=example,DC=com",Mason-Brown,98,3,2025-07-20 10:37:06,2025-05-28 10:37:06,2025-05-11 10:37:06,1,EMP-44,b9b058070146446f9218ddc883c180e0,Strategy every discussion other less able.,,67,PROF-451,JFWQzePHbt,dfc1109d-3019-483c-a3f4-e8a0036143e7,,f1c32b43-da87-4f96-a5d6-4a52c9c9f6ef,"ae77d84a-a5cb-457b-bb64-6758e842669e,0e2b24c3-0b1c-476a-b961-de745dd7ddc6",1,0,0
45,1,45,cynthia.white@example.com,hZ8#P!Fd$d)x,Today never idea quickly entire foot writer.,3,b43e7ea1-bd45-4385-a,1,2024-12-28 10:37:06,1,7,1,"CN=cynthia.white,OU=Users,DC=example,DC=com",Boyle Group,188,1,2022-10-23 10:37:06,2023-07-18 10:37:06,2022-09-20 10:37:06,1,EMP-45,4e976d4ac4164a37a2cc2bc4e3392f5b,Never risk region worry hold away.,,90,PROF-925,cRBlFTfvVG,f8df923e-1e70-43dc-aff3-1ee53e3736b1,,3e1c8210-4f04-4acc-9b13-55d958816ad0,"d5043de4-81c8-4065-81c1-45e6a3cfc242,a98febea-da6a-4fb2-8887-086b6e00415f,431b1e35-dcf9-454c-b6a3-a8deb0eff686",1,0,0
46,4,46,john.hayes@example.com,6yO+IevI!1&l,Remain director side read once election discover.,0,96722380-374a-4f59-a,0,2024-10-18 10:37:06,1,9,1,"CN=john.hayes,OU=Users,DC=example,DC=com",Thomas LLC,807,2,2024-01-19 10:37:06,2024-10-17 10:37:06,2023-12-09 10:37:06,0,EMP-46,7bd76b8887ae42b8bc0d4b661d7906e5,Past industry oil various series.,,42,PROF-733,YhJPhONwtS,298a9eaf-63c7-4f26-b1f2-8a8921e9edc4,2024-11-12 10:37:06,9fcf8c24-a2d3-46a3-9422-0ac65b8357ca,"2c930fd2-f2b2-4923-b48f-f6507496f10c,35ba2e61-63c3-4ea9-aabd-a9a108daa693",1,1,1
47,3,47,mary.martinez@example.com,w!R)9$Er5qPQ,Candidate good sea moment key.,5,9de84c49-48fd-4727-8,0,2024-08-23 10:37:06,0,5,1,"CN=mary.martinez,OU=Users,DC=example,DC=com","Davis, Powell and Santiago",718,1,2023-07-14 10:37:06,2023-11-06 10:37:06,2023-03-18 10:37:06,1,EMP-47,0599442e89fd4a86a0aab5985354d6e7,Second again night TV.,,20,PROF-654,ZEOatrqBBI,f2173d1a-edc4-4add-900e-7b755b0b1f8e,,0481500e-9123-42a6-b532-18c12bbb7d5f,"73c95c4b-8b3e-4bda-b28f-0becce77ad3d,fa844efc-8987-400b-bc8e-bc53348006d1,d60d16a5-7ab4-48bb-a201-7a88b94219bb",0,0,0
48,3,48,lisa.ochoa@example.com,R5j&6@SvovPt,Direction north seat.,4,97521000-542c-4028-a,0,,0,2,1,"CN=lisa.ochoa,OU=Users,DC=example,DC=com",Crawford-Medina,340,1,2024-06-09 10:37:06,2024-09-10 10:37:06,2023-12-17 10:37:06,1,EMP-48,52a888025526458aba0256edec18cce8,Security true road song person attorney trouble.,,79,PROF-654,SoNeVcVbMm,6d9a2376-10cd-4b87-afa6-4773d3742e34,,056c2fd7-9b23-4565-a82c-bb585c7fb9f6,163efacf-ba3c-4fad-a74d-9390a9a5a334,1,1,0
49,2,49,kaitlin.myers@example.com,%@yKFV$d9zi(,Power study there why.,5,61af0e7b-5509-4866-8,0,,0,5,0,"CN=kaitlin.myers,OU=Users,DC=example,DC=com",Bates-Gomez,355,3,2023-03-23 10:37:06,2023-07-11 10:37:06,2022-10-21 10:37:06,1,EMP-49,01785a6d5ac444029fcc72def2ae2788,Service behavior instead box star.,2023-07-26 10:37:06,36,PROF-443,qANKHqiXXO,87286c52-e853-42b2-bafd-6e608977a095,,e588c97a-0068-43d4-8666-ea59a37d4fc6,17f95559-5e35-4dc9-9f5d-8513fc160973,0,1,0
50,5,50,joshua.little@example.com,Ky(4LsFfzz%n,Moment close business nor.,4,3cae2150-ac8c-4918-9,1,2025-06-30 10:37:06,1,5,1,"CN=joshua.little,OU=Users,DC=example,DC=com",Watson-Brown,964,3,2024-06-21 10:37:06,2025-01-09 10:37:06,2024-04-07 10:37:06,0,EMP-50,1b4bd77eebd04f12bf1a913bbe0805fa,Happy table stop various cut reveal.,,52,PROF-389,pcnFAacnJX,73407bad-ac26-4d35-8be3-af15d01485e4,2025-02-08 10:37:06,26ea50d7-a09c-4f27-b548-4e24d9199226,4b5486fa-b328-486a-bc40-37c88cd57760,0,0,1
51,4,51,david.burch@example.com,F5I(s5ZpiN2P,Magazine style generation wrong.,3,c81abac5-ae4f-4341-a,0,,1,3,0,"CN=david.burch,OU=Users,DC=example,DC=com","Case, Diaz and Ruiz",464,2,2023-09-28 10:37:06,2024-02-03 10:37:06,2023-04-09 10:37:06,0,EMP-51,4b5c504f18dd40d3ac29d382e1bdc1e5,Play guess expect so class its style.,,48,PROF-305,dmCTbhldgX,4760dce0-d324-41f3-a96c-83f5082139a5,,cbfa2ef8-678e-450a-a138-7fb623d1cf8b,dd2f9b84-66ac-42f5-ad3f-2200755d041f,1,1,0
52,3,52,mary.brown@example.com,D4Yqsmw_*bGe,Class it resource defense site crime manage.,2,40a53113-42b3-453c-8,1,,0,5,1,"CN=mary.brown,OU=Users,DC=example,DC=com",Taylor-Diaz,578,1,2024-06-19 10:37:06,2024-08-06 10:37:06,2024-01-22 10:37:06,0,EMP-52,c12b815218aa4e19a66598b2ba3e0cd0,Discover must feeling hospital spring.,2024-08-11 10:37:06,25,PROF-133,iHnGaCOVJG,0e82a1db-421f-4a3f-8b86-fc8c99a9d2b0,2024-09-30 10:37:06,0f8d2283-45bc-4597-a56c-b682dd1060ec,"71eec567-56ac-42f2-8178-7c6aabb0a367,8c0b6b8d-65fb-4990-bac9-96dfdf7c5662",1,0,1
53,2,53,jennifer.mitchell@example.com,Q#ZWn0hu(EB%,Manager sure road price.,1,12acf440-ac07-4932-a,0,2025-04-26 10:37:06,0,3,0,"CN=jennifer.mitchell,OU=Users,DC=example,DC=com","Weeks, Santana and Hanson",542,1,2024-06-15 10:37:06,2024-08-29 10:37:06,2024-02-23 10:37:06,1,EMP-53,b235b07d2ce8419e8c17d06977718b2a,Address tough yourself themselves beyond.,,6,PROF-338,CuEnamhIKj,4fdb06d2-bc58-48f4-89d7-b378909345bf,,9d286cd7-b3fe-423b-9909-016cd1f52c53,"61b813c1-c3ae-4f22-bb46-af5f1e2e8e87,c0ae73bd-db90-4abc-9663-c17f851adb85",1,0,0
54,1,54,leah.thompson@example.com,T*3T9f4ruClk,Everyone place policy race happy.,3,9b417f76-e893-43bf-9,1,2023-11-06 10:37:06,1,1,0,"CN=leah.thompson,OU=Users,DC=example,DC=com",Dunn and Sons,796,2,2023-08-02 10:37:06,2023-12-07 10:37:06,2023-04-02 10:37:06,0,EMP-54,4748f2d89c3b465399147b450e8418c8,Air think serve finally give reality early.,,51,PROF-253,ZcbAbWCAma,c55242a9-c29d-4f5b-93bc-158d78051a98,,08b46a91-5ad3-4682-a2a8-268d049e9ee1,285a82de-6edf-4825-8ffa-bd62c614fb65,1,1,0
55,4,55,christine.mcneil@example.com,C3Rc2Vas%ERr,Could center help perhaps term bag stop.,1,9fd00fd5-bfed-4de9-8,0,2024-06-26 10:37:06,1,5,0,"CN=christine.mcneil,OU=Users,DC=example,DC=com",Estrada-Long,262,1,2023-01-22 10:37:06,2023-08-07 10:37:06,2023-01-09 10:37:06,1,EMP-55,89d767b936e447fe8941c58a910b5d43,Much structure action position.,,50,PROF-120,pAtiKxIZaO,1d289e02-b81b-4bd1-981c-e6dd7a0848cf,,13899259-37ed-494f-9608-af0aac4048b5,"55694e2a-c06a-45bc-be88-3bf923e683e5,6e222546-f015-48e8-bbb8-e74aeb2b8143",1,0,0
56,5,56,alison.stevens@example.com,(+5W2SApO0PK,Trouble whom almost cause along sit.,0,3eef7014-a973-422d-a,1,,0,7,0,"CN=alison.stevens,OU=Users,DC=example,DC=com",Flores and Sons,911,2,2024-05-06 10:37:06,2024-06-05 10:37:06,2023-11-24 10:37:06,1,EMP-56,2593227abe4c4ee085b2f1f26404b55d,Stage current local billion.,,63,PROF-532,HMTIvXasNO,94fddc03-d2c2-485b-9297-acd3fbba93d6,,8c15ff9c-5d52-4267-83f3-5082dcffeed4,"4e30ddc5-241a-44e0-966a-3b2ecc6ba2de,90ded842-3341-41c4-9ee9-f0a9c48aed80,b57e939d-c5d0-45a6-be93-455729a5bfc5",0,0,0
57,1,57,debra.mcintosh@example.com,#A@0@Rxe*a^6,Pm available clear build number second.,3,fbf723dc-308d-4fac-9,1,,0,2,0,"CN=debra.mcintosh,OU=Users,DC=example,DC=com",Tran-Larson,714,1,2023-09-22 10:37:06,2024-01-22 10:37:06,2023-08-17 10:37:06,0,EMP-57,ab744d728cbe4ba48e0f4b7132e6cbab,Those away oil speech.,,17,PROF-340,rfjRYNxaRA,b84b2e25-5e9a-4650-b77b-85e3901775bf,,5f2fbe82-e287-4f6c-bc99-3337902cffea,"5a6729ac-9626-491e-ad53-7cdee3c30816,a402511c-82fe-4944-bcf3-91c90706402f,7ff5555e-c2a0-46d7-9ce4-2c3094ac2480",1,1,0
58,1,58,doris.garcia@example.com,!Gt95romNZR$,Wide Mr find detail seven father.,5,b13db253-5110-476a-8,1,2025-05-05 10:37:06,1,6,0,"CN=doris.garcia,OU=Users,DC=example,DC=com","Ellis, Gibson and Stone",607,1,2022-11-18 10:37:06,2023-07-14 10:37:06,2022-07-16 10:37:06,1,EMP-58,1ce470bca35d405c8ec34e294c523918,Security walk close style.,,63,PROF-994,vflmQdMBXA,691c8313-7d35-4a20-abd2-230dfe35804f,,f71dd343-82f6-47b6-8486-9bd0b39583b6,"2ace9701-700d-4ff4-86a0-e981a0354a29,de3e4a55-de8a-4325-a96e-750c2a1ba659",0,1,0
59,3,59,courtney.myers@example.com,pOAiexB5fw7#,Listen it young call never.,0,2217a35f-ba9d-48ae-b,1,,1,7,0,"CN=courtney.myers,OU=Users,DC=example,DC=com","Compton, Kelly and Ward",70,3,2025-07-09 10:37:06,2025-06-05 10:37:06,2025-03-31 10:37:06,0,EMP-59,9c58aa89d5bd4e06863376e03271e488,Attention painting know.,,39,PROF-828,eyQRQHupHr,5775a1fd-1c26-4225-b824-e254ab23727c,,1bc7e432-efbe-46c3-9c41-249f365e7467,ea2d0951-0275-413c-9247-996b2e473ffe,0,0,0
60,2,60,bailey.torres@example.com,CTy9bvVsj_wx,Artist product special but executive mission you style.,3,b42eed10-41a4-4062-a,0,,1,8,0,"CN=bailey.torres,OU=Users,DC=example,DC=com",Garcia and Sons,546,1,2024-08-28 10:37:06,2024-12-09 10:37:06,2024-07-14 10:37:06,1,EMP-60,902a34f91eb44d94b570119187d7183d,Some surface onto structure fund city during.,,26,PROF-132,xaWeexWAII,d1812938-47a5-4aa3-91a6-1f54318cc14e,,50fa1472-943b-44cd-a6e8-66da6c9c01b4,ca164402-4ecc-4034-86e1-5cdd1845d18a,1,0,0
61,2,61,aaron.gray@example.com,!Qnm7kSdB^d%,Agreement that group whole.,1,afe76f58-4cb7-4ea6-a,0,,0,2,0,"CN=aaron.gray,OU=Users,DC=example,DC=com","Adams, Herrera and Williams",982,3,2024-08-23 10:37:06,2024-09-12 10:37:06,2024-08-06 10:37:06,1,EMP-61,d322929eabc44a6981eaedc38b3ec2e3,Boy eight from now avoid consider TV beautiful.,2024-09-24 10:37:06,64,PROF-850,ZBOodenfHr,87548ec1-6acf-4be5-9ecc-1ab36ab6ac8a,,2a17f1fa-2c73-438b-bb4f-babcaf85fe60,d3c9be7f-caf3-4e28-bd40-dff90d8a46fa,0,1,0
62,3,62,martin.tanner@example.com,&6e@q4L*y3pJ,Of once technology suffer.,4,bbca29de-2ca3-4357-b,0,,0,2,1,"CN=martin.tanner,OU=Users,DC=example,DC=com",Turner PLC,898,1,2024-10-19 10:37:06,2025-06-12 10:37:06,2024-08-27 10:37:06,1,EMP-62,af5a6f043f6a4102bc081fd12ff4fb7e,Perform change cover.,2025-06-28 10:37:06,55,PROF-263,aklzxdatyl,1716753c-d482-40b7-bde0-34c9476a2294,,fea7b9e8-6bc6-45a9-aba9-6a3b11d9d08f,"865c4d46-9c88-4795-91db-7d40b1b7bb9e,edf8490c-0de7-417b-84a0-6de2c4fa2f6a",1,0,0
63,2,63,john.miller@example.com,@9b!t1Czpk7n,Second entire face author about glass.,4,1b8f931d-df13-4bea-8,1,2023-08-20 10:37:06,1,9,1,"CN=john.miller,OU=Users,DC=example,DC=com","Zimmerman, Scott and Cummings",455,2,2025-01-18 10:37:06,2025-06-23 10:37:06,2024-09-22 10:37:06,1,EMP-63,bfa1c1be46064076b1595c0d292d8819,Despite check next forget different talk.,,29,PROF-608,WcZoZFuViC,ba38a516-cc57-4cc5-a04b-e159eb9b6002,2025-07-26 10:37:06,9c700368-37a2-4cfc-8835-19e6e13c1c70,ee7cbfda-bb31-49fb-b20e-bf3d162ea7b0,0,1,1
64,3,64,matthew.lopez@example.com,*XAwNrqZ^7WT,Cell company turn over behind wind front me.,1,7f96d99f-c9b9-41e7-9,1,2023-12-02 10:37:06,0,8,0,"CN=matthew.lopez,OU=Users,DC=example,DC=com",Barrera-Nguyen,38,3,2024-02-17 10:37:06,2024-02-02 10:37:06,2023-10-24 10:37:06,1,EMP-64,e1430c70c9ec47dc94215970cfaf9a58,Energy bag southern often one practice industry.,,15,PROF-589,mdZsKGZPAu,810af403-f359-4ed3-af94-3027fc3b08d3,,96b9b8c3-7c3e-45b1-b82d-1e8ff59464ed,"88e7a442-a77d-4b9c-963a-c0856060a1b5,c42230a2-2c12-46cb-b13c-d26c80162347,a99b7a65-bbb2-4776-86ac-379bbec35cb2",0,0,0
65,4,65,danielle.miller@example.com,#3^4@Nd)^HKc,Adult social discussion close together bank.,1,ce3e457d-b98b-48f5-8,0,2025-03-09 10:37:06,0,9,0,"CN=danielle.miller,OU=Users,DC=example,DC=com","Yang, Cook and Jackson",995,3,2023-02-17 10:37:06,2023-12-17 10:37:06,2023-02-08 10:37:06,1,EMP-65,28f0fc3df9fb4c24bf7c96d767c23f2f,Could choice race.,,3,PROF-345,BriKRmCLsq,05c2bf9d-caad-46e4-85c9-87cf2ae3fdeb,,a22cd90e-265e-465c-935a-26519cd56090,252d1f7d-fe0a-4fa9-8731-7293e499b910,0,1,0
66,2,66,holly.velasquez@example.com,t4f_9H_ProtU,Enter responsibility dog front against likely yet.,3,0e814f28-a641-4b22-9,0,,0,6,0,"CN=holly.velasquez,OU=Users,DC=example,DC=com",Wright-Burke,973,1,2023-06-09 10:37:06,2024-01-30 10:37:06,2023-05-03 10:37:06,1,EMP-66,b6ae13da30154b2cb8dd17df1462df59,Police positive finish key why record mind.,,81,PROF-350,hseGXfeLyH,2b6cbb65-7d73-4071-a842-943f867e2984,,9e633382-93ef-4e56-8dc9-a357ca3792cd,b6b716b6-f457-4ae5-bf01-55cd5b3e96fd,0,0,0
67,4,67,ashley.nguyen@example.com,(eplMqWBy7Ri,Manager bill structure throw guy true.,5,2ca02b3c-484a-4cd6-b,1,2023-08-15 10:37:06,0,5,1,"CN=ashley.nguyen,OU=Users,DC=example,DC=com",Smith Inc,718,2,2023-10-27 10:37:06,2024-09-04 10:37:06,2023-09-14 10:37:06,0,EMP-67,127c432690d14350945a24208cb2f866,Information idea option.,,1,PROF-284,dRWnlOLSPY,a7ceb302-5aad-49af-b286-78b01676037e,,7902c6c0-1d94-48e3-9433-c4222841fc58,32cfa17b-1e72-4ba1-869b-585b5dbc727e,1,0,0
68,5,68,brian.perry@example.com,yEqCfys94Ub^,Sometimes this bar bank baby son doctor.,3,893c362c-3094-4fa6-b,0,2024-08-05 10:37:06,0,8,1,"CN=brian.perry,OU=Users,DC=example,DC=com",Vance-Velazquez,508,3,2023-08-03 10:37:06,2023-10-17 10:37:06,2023-05-07 10:37:06,0,EMP-68,6268e358775e44378c4ec7b08f7ab1c6,Forward happy good plan figure last message.,,28,PROF-581,GBECfTUcdS,4bdd8e1d-bec7-440e-aeef-ecb4fa800797,,584b23a0-a365-40b3-af7f-16433f73cf90,65a541e7-27fc-46df-b157-151f03551920,1,0,0
69,4,69,amber.jackson@example.com,w#8Quo82!E6g,Lawyer wonder also point meeting must your.,2,14607cf0-e72a-440d-8,0,2024-10-28 10:37:06,1,3,0,"CN=amber.jackson,OU=Users,DC=example,DC=com",Leblanc-Eaton,449,1,2023-09-08 10:37:06,2024-01-01 10:37:06,2023-09-04 10:37:06,0,EMP-69,9ce6054b3a014f3ca2c98fb683fa190d,Yes manager himself enjoy discover house side.,,63,PROF-868,MVGDltGpvY,cdcfad7a-fb62-4d94-b1db-fe01a2f42879,,850c9729-370d-40ff-a97c-df9ef535996f,a57f23d0-06e8-4447-a6fe-01ae88707adb,1,1,0
70,4,70,mark.williams@example.com,yUS8Az6jj_9Q,Section east whole trouble brother technology.,0,21dc5e30-b277-4511-a,0,2023-08-02 10:37:06,1,10,1,"CN=mark.williams,OU=Users,DC=example,DC=com",Rodriguez-Schmidt,15,2,2024-12-21 10:37:06,2025-06-03 10:37:06,2024-11-23 10:37:06,1,EMP-70,8b949b05846f487da186e6d51657dbd0,Fight article my field beat expert.,2025-06-23 10:37:06,81,PROF-931,TDFgUSPQaS,5834fc7f-e3fc-4b1b-af64-151497f14d7e,,0de988e6-f6fa-44e3-9e5e-a6755b3b6009,"3714413f-eaec-4026-9f16-9bf11c0bff10,71bae5d0-4842-439a-be0a-35d12fe62aa7,56b2f51e-8c46-4352-b3b8-1a9a3db519b2",0,1,0
71,5,71,kellie.fisher@example.com,%En0pNHlFtqU,Discussion prevent explain suddenly author after read but.,3,d290ca7f-fea8-4ef5-a,1,,0,10,1,"CN=kellie.fisher,OU=Users,DC=example,DC=com",Murphy-Santos,904,2,2025-05-06 10:37:06,2025-06-30 10:37:06,2025-04-30 10:37:06,0,EMP-71,03ea3c94ccdb41aaa21ef4a86a04a607,Get democratic teacher run again agreement.,,75,PROF-534,uZYLqcUEVn,524a9efc-ce37-4ddc-890a-3ee0143d1a14,,413bd8f2-4ecb-49a8-b48b-e0d6a4c1de55,5503ba34-b9a3-4a32-af8a-eaefa1c2dfb5,1,1,0
72,4,72,amber.pope@example.com,#5O&QkYV0J3T,Rich start base specific close necessary discover cold.,5,664954d4-1d68-47ca-b,1,2024-11-27 10:37:06,1,6,0,"CN=amber.pope,OU=Users,DC=example,DC=com",Rodriguez-Spence,61,1,2024-09-09 10:37:06,2025-05-09 10:37:06,2024-08-02 10:37:06,0,EMP-72,4a9b01a54a1a49e2831c6b34b7bb7107,Need test home teacher help act.,,50,PROF-694,qNESVBvZjZ,d36ef8d2-08bb-4aab-9474-3f6b1669825e,,5772dbaa-2001-4a3a-990f-267690a040df,"38151db5-1791-4c2f-8aa9-b4542d0cc1e7,2053213f-a82e-4064-baa1-b73f13ad92a9,912c1ffc-8425-47a1-b5d3-4f6e7a7bfd6f",0,0,0
73,5,73,jennifer.ford@example.com,XZ0Q!7Tgms#F,Arrive year daughter pick ability drive.,0,ad172007-e69b-4e57-9,1,2024-02-05 10:37:06,1,4,1,"CN=jennifer.ford,OU=Users,DC=example,DC=com","Cook, Cole and Dean",734,1,2022-12-21 10:37:06,2023-08-31 10:37:06,2022-11-09 10:37:06,1,EMP-73,91db4c2c2ee64e02920dcbbe4149a428,Important available glass cup week.,,5,PROF-146,lysjjZZOEl,82728e26-d168-44d4-9f59-3dee0f51f3aa,,eaf8315a-636d-4370-90ee-f5c5ab8af75a,c78d0474-f21c-4446-952f-17edb7f7ae69,0,0,0
74,2,74,mary.king@example.com,h+1QGX$eXL5n,Change simply senior field question some stop nothing.,3,013f8e8a-0767-452c-b,1,2023-08-20 10:37:06,1,9,0,"CN=mary.king,OU=Users,DC=example,DC=com",Lopez-Wilcox,327,3,2023-08-16 10:37:06,2023-10-27 10:37:06,2023-05-13 10:37:06,1,EMP-74,dd4a4a70b7844255aea413de93fa062e,Yet war subject meeting push they never.,,45,PROF-174,NfyFJsJVwv,a21a4a09-ac45-443b-af47-97d95b345197,2023-12-26 10:37:06,7e01bdda-0af8-4269-917a-4c71db81e887,49c285c6-a4f6-4059-8848-bbe87ebcbeeb,1,0,1
75,2,75,raymond.cox@example.com,(2B_gFFtOtCW,Serve cup coach miss huge.,3,7feb42a0-ec70-43dc-9,1,2023-07-10 10:37:06,0,5,1,"CN=raymond.cox,OU=Users,DC=example,DC=com",Wagner Ltd,858,2,2023-12-30 10:37:06,2024-04-17 10:37:06,2023-09-19 10:37:06,1,EMP-75,c82735035dad425692de2b21af1d2533,Worry seem firm visit.,2024-04-25 10:37:06,13,PROF-690,qvQKnXtcAb,5fd64d7a-e0b7-4c9b-b97b-fabe8a3641c6,,e62f346b-3345-4b7c-9bd3-3fad3c60929d,"d8472a58-f3e3-4cbb-9b6e-277c98868755,e5294457-9423-4993-9dd4-f08291d1cfb7",1,1,0
76,1,76,daniel.rowe@example.com,1c9pqdx7$2Kg,Itself receive this capital wonder back war bad.,2,98ebc280-be9e-4e0a-b,0,2023-07-18 10:37:06,1,8,0,"CN=daniel.rowe,OU=Users,DC=example,DC=com",Mayo-Guerrero,647,1,2023-06-23 10:37:06,2023-12-29 10:37:06,2023-06-04 10:37:06,1,EMP-76,ec2fda5497f6403dbb55bcf0234cdc83,Audience time financial whom.,2024-01-15 10:37:06,38,PROF-330,SKLdFjXjEj,7538f50e-b101-4520-b294-58124b36ee6a,,0b6b685c-331d-48ee-a690-3406589e8bd1,b60d2766-62cf-4d09-8fcb-ec0e0b8b8763,0,1,0
77,5,77,jonathan.stone@example.com,+9D670w)^^8M,Her ok evidence role responsibility place.,3,b9f3e4e2-6bdf-4eba-8,0,2024-02-20 10:37:06,1,5,0,"CN=jonathan.stone,OU=Users,DC=example,DC=com",Scott Ltd,706,1,2024-10-31 10:37:06,2025-03-21 10:37:06,2024-10-09 10:37:06,1,EMP-77,7a549004b23d4949bd677d142b8ad84c,Apply result will young sing.,2025-03-29 10:37:06,33,PROF-222,vBOizQjMzD,4f551014-adb2-4b0a-b6ca-9e1538d48fe5,,2b6cfa60-d167-4442-b917-108232d4168f,"47479350-c04b-450d-9987-709c46e9a728,4846ad68-0acb-43ea-8882-60203e0b2211",0,1,0
78,5,78,angela.kemp@example.com,fV+TP1KimmLf,Note hope himself receive mean while describe.,1,2623d2bd-1b90-4dba-b,1,2025-05-28 10:37:06,0,2,1,"CN=angela.kemp,OU=Users,DC=example,DC=com",Mendoza-Jimenez,798,1,2024-05-17 10:37:06,2024-10-16 10:37:06,2024-04-03 10:37:06,0,EMP-78,ef7be6d26b674477bb81280604b5030d,Agreement off happen.,,71,PROF-281,UQZkjAnsQl,b875369c-b442-4025-9512-68d6b3f7267d,,46bdc9f7-82d2-4fe0-9aae-641f2912667e,"51d432c3-c164-4610-a7a0-56a53bb2e0e3,985f2750-193c-4d8e-b452-5d2907d48214",0,1,0
79,4,79,morgan.adams@example.com,!+8QVLtf7)Y&,System which bar person apply.,3,4794fb9e-9744-4424-8,1,2023-08-31 10:37:06,1,1,0,"CN=morgan.adams,OU=Users,DC=example,DC=com","Peters, Liu and Patel",840,2,2024-11-09 10:37:06,2025-04-03 10:37:06,2024-06-29 10:37:06,0,EMP-79,ad9da00096314627bcdfc38089f955c5,Process tend cold inside.,,27,PROF-942,SgrHrFoEEe,e46c29f9-fa0a-49f2-9be5-f5a37b154514,,dde253f9-e052-4fdb-bcd3-b6d723d8aee8,"95f5f025-b59c-47de-afcf-9da34d8012fa,e08bd3f0-9156-4d3b-99fb-af1e774bb5e3",0,1,0
80,3,80,timothy.cooper@example.com,LCKX8NjX@4N_,Me bit music edge his teach by leave.,3,fc9c5987-ce0f-41ab-8,1,2024-10-30 10:37:06,1,5,0,"CN=timothy.cooper,OU=Users,DC=example,DC=com",Watson Group,464,2,2023-08-29 10:37:06,2024-01-31 10:37:06,2023-07-10 10:37:06,0,EMP-80,f7f2b278357a4a49b61ae0f22b333f76,Yes daughter necessary office difference five.,,33,PROF-829,wJyOMrpIFS,8aa1e999-9e10-4a92-8d2e-2e1ceb291e91,,1bf87a47-ffa1-4d0d-a63a-a1aaaf4e7237,7adb08f4-a3b9-4dff-84eb-a410f2b9bf5b,1,1,0
81,5,81,nicole.whitaker@example.com,xC^84Ma1AejH,Suggest present lot I floor letter society light.,3,76033603-8c15-4a3c-9,0,2024-05-19 10:37:06,1,5,0,"CN=nicole.whitaker,OU=Users,DC=example,DC=com","Lozano, Hernandez and Turner",148,2,2025-07-18 10:37:06,2025-03-10 10:37:06,2025-02-01 10:37:06,1,EMP-81,477acb73689043fba1f941701234fffb,Trade woman nation.,2025-03-22 10:37:06,98,PROF-693,RmtdqdAaRn,6bfe937f-0005-4a24-9af6-edbd70f3e5ac,,b2d23c6c-5ce8-48c0-8d29-cf9405ef3e3b,"c556952b-23f4-4842-9c9d-a410ae5a9daa,f865dc48-2758-4c7c-95a0-e9d52dda842b",1,0,0
82,2,82,stephanie.foster@example.com,L$mH_lPsrB%4,Garden may guy kitchen heart.,5,c9e37d09-4df4-48d3-a,1,2024-07-22 10:37:06,0,1,1,"CN=stephanie.foster,OU=Users,DC=example,DC=com",Cunningham and Sons,936,1,2025-03-01 10:37:06,2025-01-31 10:37:06,2024-11-16 10:37:06,1,EMP-82,1a5218fc6f254c9182dd8c542bc07f72,Heart public not attention out young.,,98,PROF-663,lpXlanjWcb,ee958292-7a6c-4c51-9a50-102d4847cd09,,9378edc4-f019-48f7-93d2-5364a82975e0,"692858da-cb4d-4b31-9189-5ca2c18cdaa6,bd413738-3cae-414f-8bf0-871210f0a491,d2abf6c2-2d5a-4420-90ed-8cddc0f75328",1,1,0
83,4,83,nicole.ayala@example.com,OA7crjf@w)QV,East behind why energy international deep approach.,5,f55c75b4-45f3-4774-9,1,2025-05-05 10:37:06,0,1,1,"CN=nicole.ayala,OU=Users,DC=example,DC=com","Martin, Williamson and Kennedy",311,2,2023-08-06 10:37:06,2023-11-22 10:37:06,2023-03-29 10:37:06,0,EMP-83,778e7784178443e080a91e7b072abb16,Front either take yard wait.,,40,PROF-479,lsIMOgTZkP,61a1c025-407e-4962-b2c2-404acb5925b3,,aac2513e-301f-4e16-a998-2f72d4312fc8,"9c95fab5-d479-4dcb-930d-e39de8b11c5e,5ee2e578-0e7e-4caf-8443-7bd8ad5939dd,51545d35-c0d3-4aeb-9180-21a9e1e22e57",1,1,0
84,1,84,krista.dodson@example.com,lo4qo(E3P$^3,Old just give such response.,1,1842dc35-b395-4add-8,1,2024-01-19 10:37:06,0,2,1,"CN=krista.dodson,OU=Users,DC=example,DC=com",Kelley-Snyder,867,2,2024-05-07 10:37:06,2024-06-15 10:37:06,2024-03-05 10:37:06,1,EMP-84,d697de1fa0d747819083ad5175c440bf,Check strategy test truth.,,100,PROF-605,XgCcXpXgRu,f1cc63c6-2263-4201-9992-893539c375b9,,5ea2a0e1-1f28-475e-a3a9-41fda809386e,"bd6ced10-c48d-4a70-9eca-2541bc6cdbfd,e9d95c24-626a-4959-975c-ab83001a7b68",1,1,0
85,4,85,gina.campbell@example.com,96mvncY(n$8Y,Again create economy gas inside.,4,964f034f-d563-4760-9,0,2025-06-03 10:37:06,1,3,0,"CN=gina.campbell,OU=Users,DC=example,DC=com","Reed, Martinez and Schultz",631,3,2023-03-23 10:37:06,2024-01-05 10:37:06,2023-01-28 10:37:06,1,EMP-85,c04156aebf87483e91206fb98076191f,Treatment late serious enter each dinner foot.,,87,PROF-440,FEtngIggDh,d28eaced-0e84-4594-9994-d8c2ad16cfbe,,30325196-a50d-4661-afbf-ea625294eb85,"cc6dbfbd-09b5-42d1-a7e9-87acbfa5cd86,92875e21-f56f-4b80-a598-551e06db9f4e,2c703964-7dfa-46dd-bf93-44317d97fe86",0,0,0
86,4,86,cheryl.morgan@example.com,2@P(aCw1$f_f,Within house small stock it will though.,3,23b76826-f5a9-4c30-b,0,2024-03-04 10:37:06,1,6,1,"CN=cheryl.morgan,OU=Users,DC=example,DC=com",Taylor-Johnson,296,3,2024-01-23 10:37:06,2024-10-23 10:37:06,2023-12-09 10:37:06,1,EMP-86,b88b47a5ef71485597698191ba0c64c4,Especially soon modern firm option.,,92,PROF-570,hPxydQActS,82caec75-c329-4075-b2dc-2890f07f1949,,6403712b-55f7-4b7c-9437-c0cb832b60f4,22381e76-3be1-44f8-94c4-feba41b4d24b,1,0,0
87,4,87,anthony.jenkins@example.com,)0A%1u^j$z0F,Boy medical property power.,0,20733558-0194-45db-a,0,2023-11-26 10:37:06,1,2,0,"CN=anthony.jenkins,OU=Users,DC=example,DC=com",Price-Jimenez,276,2,2024-06-07 10:37:06,2024-07-08 10:37:06,2024-04-28 10:37:06,1,EMP-87,5b5512cb5e034792b319c283b5d3e73e,Popular discussion light culture develop change.,,31,PROF-682,UwVLgFHVDo,985cccef-626e-4c35-90a9-c2565be77c68,,c1475c84-180a-4cd4-a496-dc381b273092,597a077a-3699-449b-b0dc-52befab2d27a,1,1,0
88,2,88,michael.mckenzie@example.com,_g1XXr$q+P0h,Compare with clear house.,5,eafb900f-4607-4d2d-b,1,2025-05-14 10:37:06,0,2,1,"CN=michael.mckenzie,OU=Users,DC=example,DC=com",Williams PLC,119,3,2025-11-13 10:37:06,2025-06-06 10:37:06,2025-06-04 10:37:06,0,EMP-88,0286de293979422588db5475f9b1380d,Animal door deal. Present since hour get.,,23,PROF-675,qUiUpgWwaA,2b24bd98-229a-4b89-a165-c2215c58aa0d,,b06d1e6f-f89e-4744-97c4-c6e818425b80,"385bf516-29d0-492f-a171-6808b13c6c4d,132101b1-a963-48c2-9484-4c8b9a0ded2c",0,1,0
89,3,89,melissa.mcmahon@example.com,6E5z0h95h^0X,Though interview whether pull experience safe.,1,7fbcb62c-81c1-4ed3-a,0,2024-10-24 10:37:06,0,10,0,"CN=melissa.mcmahon,OU=Users,DC=example,DC=com",Adams Inc,318,1,2024-06-16 10:37:06,2024-11-06 10:37:06,2024-05-07 10:37:06,1,EMP-89,7916dac5d3db43e1964b57a57d4aa159,Scientist list people whom push.,,77,PROF-860,yVilnBQRNF,a9a57e09-dbb4-4342-928e-a0e9f14f6663,,2a38d425-e97f-4dd3-974f-9aacb861fd77,f8e4e9e7-3407-42e6-9192-70414d55414c,0,1,0
90,3,90,janet.rangel@example.com,!246XwCz+JUI,Yourself energy early push actually.,4,86678308-ecac-46eb-b,0,2024-10-07 10:37:06,1,7,1,"CN=janet.rangel,OU=Users,DC=example,DC=com",Collins and Sons,329,1,2024-07-11 10:37:06,2025-02-10 10:37:06,2024-02-26 10:37:06,0,EMP-90,aa53fdf80d624cf589d446d8f704a4ea,Main product alone create add him modern.,2025-02-11 10:37:06,85,PROF-874,nzQOdbAvcM,386583cd-c8eb-47c0-95d6-b1632d851a3b,,b6e21212-3e41-4dee-85e4-dfc8e461b1c1,c9935fd6-55cc-4161-a34e-6b94ad446a2e,1,0,0
91,5,91,lawrence.johnson@example.com,j#9*nxrFYFT0,Director discuss affect himself growth skin.,0,1068c70c-fe07-4d08-9,0,2023-08-24 10:37:06,0,7,0,"CN=lawrence.johnson,OU=Users,DC=example,DC=com",Dominguez-Cole,682,2,2023-05-16 10:37:06,2024-02-23 10:37:06,2023-04-19 10:37:06,0,EMP-91,29d0802d17cf456c9b81b509edf1d54b,College whatever store our maybe.,2024-03-09 10:37:06,57,PROF-616,HlxAZUJdDo,444c525e-6750-4e4c-8c1f-b63b2bbb1d85,,1460f1e9-3bfd-41fa-a825-805c43fd8762,30b25ef2-27c9-4f42-8eeb-d3f5f0bfe756,1,1,0
92,3,92,lindsay.wilson@example.com,+(zL5cTFRiMd,Glass manage according he scene concern teach instead.,5,30266e86-3d2b-4a71-8,0,2023-10-10 10:37:06,1,6,0,"CN=lindsay.wilson,OU=Users,DC=example,DC=com","Huang, Huffman and Morton",798,2,2024-02-26 10:37:06,2024-03-18 10:37:06,2023-12-25 10:37:06,1,EMP-92,dce35f754e494e808d79f4f2e148a83f,Child middle nature two explain might half.,,49,PROF-690,lBEmgnkkVz,50e00a37-d048-4114-b7e4-a8307e1246d0,,7f8756ad-7334-45e8-a3c8-c240a104d5c8,"f2c276e3-ca31-45d6-85d9-bb16decb1d12,148925f4-e80d-4c15-b0ef-1d9034489b5c,da1f65f9-3ecf-49d5-b750-d412b7074e1d",1,1,0
93,4,93,brooke.wade@example.com,m_0)@YmyS6gK,Assume rule number short window must feel.,2,56e05531-a672-427e-9,1,2023-11-05 10:37:06,0,1,1,"CN=brooke.wade,OU=Users,DC=example,DC=com","Hutchinson, Lam and Smith",927,3,2023-07-18 10:37:06,2023-08-14 10:37:06,2023-03-28 10:37:06,0,EMP-93,69d1730db55e47ae8dcf7e01a30bd793,Town course scene itself.,,9,PROF-724,mDrYMgivHt,fd75976a-a0c9-4191-81ff-80c4ba0492e1,,43d027e9-e906-4e0e-8305-467b15978cd8,edd6dd08-0d14-4f71-9bcf-d3944f0148bf,0,1,0
94,3,94,jared.thomas@example.com,%r7nHElY6)UJ,Dream onto anything growth born resource instead own.,5,0ed9552c-57b6-4834-8,0,,0,1,0,"CN=jared.thomas,OU=Users,DC=example,DC=com",Griffin-Burns,633,1,2024-02-29 10:37:06,2024-07-24 10:37:06,2023-09-30 10:37:06,0,EMP-94,64105f3c7eb445cabbe590a4ce6c140d,Hit pay decade notice partner. Go last economy.,,25,PROF-942,TySqZiUPMp,cd08e6b0-0053-4a9d-921a-afa6edf31c3e,,b41baf2e-ef8d-4402-af52-a79b5dfdeaf0,"4490eefc-cb1d-4765-9a16-a4f396811fbe,12e27ccc-2c3a-4c8a-82ca-be412fb4ab0a",1,0,0
95,4,95,daniel.rodriguez@example.com,8&scbv2e@F2K,Morning be check media raise clearly.,2,d2be50b5-8839-48bb-a,1,,1,9,0,"CN=daniel.rodriguez,OU=Users,DC=example,DC=com",Mendoza-Lee,819,2,2024-02-11 10:37:06,2024-08-01 10:37:06,2023-12-08 10:37:06,1,EMP-95,6b25c78916c040cf8cde643f8a22c755,College clearly federal ground after least spend.,2024-08-20 10:37:06,73,PROF-535,LiTHHDGeqv,a9e98b2f-8b7a-4e8c-b9b9-645bb8a03fb1,,9f7e0f0f-730d-4ee0-abe1-da77bc3487fa,7b6646c7-0c34-416b-9a67-b144f203f70a,0,0,0
96,1,96,valerie.thomas@example.com,sBB+vVe1H8vG,Must message herself anyone worker account source.,0,0425e8db-84b7-4cdb-b,1,2023-09-25 10:37:06,1,2,0,"CN=valerie.thomas,OU=Users,DC=example,DC=com",Robinson-Stewart,263,2,2024-04-27 10:37:06,2024-11-26 10:37:06,2023-12-03 10:37:06,0,EMP-96,a219e9247f7045c8887c9032c573a90a,Scene so explain official.,,54,PROF-447,vsUIslFidB,c2c1f9c9-ede5-4fd3-a904-51e93d01d8de,,a24f8074-ca7b-4e76-9436-6f7ee27ab1a1,"8705f0f3-1539-47dc-93c0-dcd62e32b8d8,e983a1fe-43d1-4c73-9576-5f1228f33c01,ab2576e7-1c12-41fc-b516-56590b2a368d",0,0,0
97,3,97,todd.smith@example.com,q5b+eeNyEwdE,Ask better top scientist throw language tell.,5,69f4fb4f-1aa3-472e-a,1,,0,6,0,"CN=todd.smith,OU=Users,DC=example,DC=com",White-Young,55,3,2023-06-22 10:37:06,2024-01-28 10:37:06,2023-03-24 10:37:06,0,EMP-97,2444daac02a14f3dafa21ac6f99a3438,Yeah here size. Benefit sense image plan present.,,53,PROF-210,ubdpyBlEPK,4c3134ec-557c-4d02-9625-62e9136c2d1b,2024-03-11 10:37:06,8791594c-4442-476d-9359-6b64305af66f,b824d154-6912-4a15-963e-0246d85d35ce,1,0,1
98,1,98,kyle.reeves@example.com,SGD0JtS&+g3q,Where garden section night.,0,6357a353-d070-4f79-a,1,2025-04-17 10:37:06,1,2,0,"CN=kyle.reeves,OU=Users,DC=example,DC=com",Chen Ltd,805,2,2023-10-30 10:37:06,2024-03-01 10:37:06,2023-06-27 10:37:06,0,EMP-98,367a71af495b41ee90d68cd4b05f4092,Mission cultural machine move.,,54,PROF-492,BuannLRxed,ae4ed717-5aca-49f2-bd73-cb14a9788c92,2024-04-15 10:37:06,4d07ecd9-9b09-4231-8d02-655fffd64174,a92fb4b3-5ead-4df2-b8fa-65275dbc0f68,1,1,1
99,5,99,jerry.valencia@example.com,JKCZHQ_(@6f+,Middle beautiful home heart rest office when.,1,45f1cf4f-80d6-402e-8,0,2025-05-19 10:37:06,0,2,1,"CN=jerry.valencia,OU=Users,DC=example,DC=com","Stanley, Campbell and Charles",752,2,2024-07-31 10:37:06,2024-11-23 10:37:06,2024-03-27 10:37:06,1,EMP-99,227f64fd7eca412db26be19d16c11886,Agency off land talk everybody check from.,,45,PROF-817,ojtfwCtQWF,76656a7d-faef-475f-912b-55162e5b3388,2025-01-13 10:37:06,e448d24d-af6a-4f61-a4c9-a546e350e670,"23020118-f049-473a-ac56-a8eddb218967,4b483ada-3475-4eff-8961-e0842aaee1bf,35208f0d-bf48-4316-9d51-7951a2739e46",0,0,1
100,5,100,nicole.davis@example.com,*7@t4GijZf#N,Animal avoid soon project.,0,8288e640-4dd0-4ca0-8,1,2024-12-22 10:37:06,0,6,1,"CN=nicole.davis,OU=Users,DC=example,DC=com",Hall-Mcintosh,734,2,2024-02-22 10:37:06,2024-03-25 10:37:06,2023-12-10 10:37:06,0,EMP-100,767ca4c03e304f95b9e6e87148fbecb5,Course lose special imagine.,,35,PROF-533,rMSeHUyjdi,9599e44b-e66b-4886-b1be-096b2992c61c,,e6d61324-d701-4c87-8c66-b8f376d37679,994c76e3-aaaf-4593-8301-d16d0da45014,0,1,0
