USERPROFILE_HISTORY_ID,USERPROFILE_ID,ACCESSCATALYST,OLD_VALUE,NEW_VALUE,MODIFIED,REASON,MODIFIEDBY,CHANGED_BY,CHANGED_DATE,CHANGED_BY_DEPUTY,CHANGE_TYPE,VALID_FROM,APPROVED_BY,RECORD_NUMBER,VALID_TO,IS_TIMELINE,APPROVED_ON,REASON_FOR_CHANGE_IN_VALUE,CHANGED_BY_ROLE,PRIMARY_RECORD,APPROVED_BY_DEPUTY,CHANGE_FROM_COMMON_TYPE,CHANGE_FROM_PROCESS_ID,INTEGRATION_ID,INTEGRATION_VERSION,INTEGRATION_TYPE,INTEGRATION_MODE
1,1,4,Excel,SQL,2024-02-03 14:34:08,User updated field,kayla21,49,2024-02-03 14:34:08,166,3,2024-01-07,982,1,2024-05-13,1,2024-02-28 14:34:08,User updated field,9,219,289,9,61,0,0,0,0
2,1,4,Cycling,Python,2023-09-08 14:34:08,Automated system update,christopher66,970,2023-09-08 14:34:08,423,3,2023-07-02,177,2,2023-10-11,1,2023-09-27 14:34:08,User updated field,8,763,225,2,34,0,0,0,0
3,1,5,Excel,SQL,2024-09-06 14:34:08,Admin correction,kennethkeller,737,2024-09-06 14:34:08,252,2,2024-06-10,967,3,2024-10-18,0,2024-09-30 14:34:08,Admin correction,10,862,76,7,2,0,0,0,0
4,1,5,Green,AWS Certified,2024-05-29 14:34:08,Admin correction,ericatorres,372,2024-05-29 14:34:08,833,2,2024-04-18,644,4,2024-08-01,1,2024-06-01 14:34:08,User profile refresh,8,312,714,8,36,0,0,0,0
5,1,7,Excel,Scrum Master,2024-08-02 14:34:08,User profile refresh,brian64,356,2024-08-02 14:34:08,467,4,2024-07-07,4,5,2024-10-09,0,2024-08-30 14:34:08,Admin correction,7,121,300,6,33,0,0,0,0
6,1,7,Cycling,Running,2024-11-25 14:34:08,User profile refresh,kenneth18,170,2024-11-25 14:34:08,70,4,2024-11-01,287,6,2025-02-21,0,2024-11-26 14:34:08,Compliance requirement,10,869,922,3,5,0,0,0,0
7,1,9,Running,Excel,2024-03-17 14:34:08,Automated system update,vazquezkevin,195,2024-03-17 14:34:08,902,4,2024-02-12,898,7,2024-04-21,0,2024-03-31 14:34:08,Compliance requirement,9,529,847,1,63,0,0,0,0
8,1,9,Python,AWS Certified,2024-09-20 14:34:08,Automated system update,ljohnson,861,2024-09-20 14:34:08,798,1,2024-08-06,333,8,2024-10-01,0,2024-09-27 14:34:08,Automated system update,10,986,873,2,35,0,0,0,0
9,1,9,Scrum Master,Cycling,2023-10-05 14:34:08,Compliance requirement,bdouglas,939,2023-10-05 14:34:08,424,1,2023-07-05,560,9,2023-10-28,1,2023-10-28 14:34:08,Admin correction,3,996,358,7,81,0,0,0,0
10,1,12,Running,SQL,2023-02-13 14:34:08,Admin correction,ryanwood,600,2023-02-13 14:34:08,385,2,2023-01-29,11,10,2023-04-26,1,2023-03-07 14:34:08,User profile refresh,5,899,1,9,44,0,0,0,0
11,1,12,SQL,Excel,2023-09-23 14:34:08,Automated system update,vshaw,340,2023-09-23 14:34:08,26,2,2023-08-14,842,11,2023-10-15,0,2023-10-17 14:34:08,Compliance requirement,9,412,332,9,60,0,0,0,0
12,1,12,Scrum Master,Green,2024-08-25 14:34:08,Automated system update,vincentoconnor,991,2024-08-25 14:34:08,444,3,2024-07-02,169,12,2024-09-26,1,2024-09-13 14:34:08,User profile refresh,3,814,26,9,6,0,0,0,0
13,1,13,Scrum Master,AWS Certified,2023-01-26 14:34:08,User profile refresh,qbailey,147,2023-01-26 14:34:08,313,5,2022-12-19,40,13,2023-04-17,1,2023-02-01 14:34:08,User profile refresh,2,982,754,8,90,0,0,0,0
14,1,13,Scrum Master,Blue,2025-05-05 14:34:08,User profile refresh,kgallegos,561,2025-05-05 14:34:08,966,2,2025-04-12,68,14,2025-06-11,0,2025-05-29 14:34:08,Automated system update,7,44,254,1,86,0,0,0,0
15,1,14,Green,Scrum Master,2023-12-29 14:34:08,Compliance requirement,mary28,978,2023-12-29 14:34:08,619,3,2023-09-28,82,15,2024-02-07,1,2024-01-26 14:34:08,User updated field,3,260,157,2,13,0,0,0,0
16,1,15,AWS Certified,Python,2024-04-13 14:34:08,Automated system update,dana87,624,2024-04-13 14:34:08,842,3,2024-01-09,658,16,2024-05-05,0,2024-04-27 14:34:08,User updated field,5,921,651,5,23,0,0,0,0
17,1,15,Cycling,SQL,2024-12-29 14:34:08,Automated system update,margaretwilliams,306,2024-12-29 14:34:08,794,3,2024-10-02,372,17,2025-03-31,0,2025-01-01 14:34:08,User profile refresh,1,94,913,3,6,0,0,0,0
18,1,16,Python,Blue,2023-07-06 14:34:08,User profile refresh,yleblanc,656,2023-07-06 14:34:08,801,3,2023-05-25,703,18,2023-09-13,0,2023-08-05 14:34:08,Automated system update,6,513,515,3,57,0,0,0,0
19,1,16,Scrum Master,Cycling,2024-04-22 14:34:08,User profile refresh,michelle52,637,2024-04-22 14:34:08,890,1,2024-03-19,653,19,2024-07-05,1,2024-05-17 14:34:08,User profile refresh,1,544,598,8,85,0,0,0,0
20,1,16,Cycling,Green,2023-06-07 14:34:08,Admin correction,asmith,610,2023-06-07 14:34:08,43,4,2023-04-18,209,20,2023-08-31,1,2023-06-15 14:34:08,Automated system update,4,249,872,9,98,0,0,0,0
21,1,18,Blue,Excel,2022-12-10 14:34:08,Automated system update,james32,708,2022-12-10 14:34:08,661,3,2022-09-10,180,21,2022-12-20,0,2022-12-21 14:34:08,Admin correction,1,401,929,2,75,0,0,0,0
22,1,18,Green,SQL,2023-02-05 14:34:08,User updated field,christinewilliams,25,2023-02-05 14:34:08,511,1,2022-12-05,229,22,2023-03-26,0,2023-02-06 14:34:08,Automated system update,8,667,111,5,51,0,0,0,0
23,1,18,Excel,Scrum Master,2024-07-30 14:34:08,Compliance requirement,ysmith,988,2024-07-30 14:34:08,164,5,2024-05-17,96,23,2024-09-18,0,2024-08-09 14:34:08,Compliance requirement,10,484,513,10,57,0,0,0,0
24,1,22,Python,Cycling,2023-10-13 14:34:08,Compliance requirement,osbornjoseph,934,2023-10-13 14:34:08,295,4,2023-09-11,969,24,2023-12-21,0,2023-11-10 14:34:08,User updated field,6,921,68,1,59,0,0,0,0
25,1,22,Blue,Python,2023-02-16 14:34:08,Automated system update,hsmith,707,2023-02-16 14:34:08,78,2,2022-12-20,975,25,2023-03-04,0,2023-03-17 14:34:08,User profile refresh,8,299,286,10,34,0,0,0,0
26,1,23,Excel,Scrum Master,2024-09-07 14:34:08,Compliance requirement,christopher85,421,2024-09-07 14:34:08,907,3,2024-08-03,3,26,2024-12-07,0,2024-09-28 14:34:08,User profile refresh,6,404,384,3,86,0,0,0,0
27,1,23,Scrum Master,SQL,2025-04-27 14:34:08,Automated system update,thomas26,349,2025-04-27 14:34:08,411,5,2025-03-15,388,27,2025-07-20,0,2025-05-26 14:34:08,User updated field,7,975,509,5,14,0,0,0,0
28,1,24,AWS Certified,Python,2023-12-24 14:34:08,Automated system update,tbaker,365,2023-12-24 14:34:08,546,2,2023-10-17,842,28,2024-02-08,1,2023-12-25 14:34:08,Admin correction,3,525,106,6,77,0,0,0,0
29,1,24,Green,Running,2024-02-13 14:34:08,Compliance requirement,denisevasquez,27,2024-02-13 14:34:08,518,3,2023-12-26,931,29,2024-04-26,1,2024-02-24 14:34:08,Automated system update,5,15,650,7,59,0,0,0,0
30,1,25,Scrum Master,Excel,2024-06-02 14:34:08,User updated field,perezbrittany,826,2024-06-02 14:34:08,632,2,2024-02-28,626,30,2024-08-12,1,2024-06-30 14:34:08,Automated system update,9,529,750,6,56,0,0,0,0
31,1,25,Excel,Blue,2023-01-25 14:34:08,Automated system update,charles47,200,2023-01-25 14:34:08,207,2,2022-11-14,188,31,2023-03-26,1,2023-02-03 14:34:08,Compliance requirement,4,72,960,5,66,0,0,0,0
32,1,30,AWS Certified,Blue,2022-10-25 14:34:08,User updated field,carolineochoa,619,2022-10-25 14:34:08,895,2,2022-07-17,321,32,2023-02-02,1,2022-11-13 14:34:08,User profile refresh,7,550,17,2,1,0,0,0,0
33,1,32,Python,Green,2025-04-06 14:34:08,Compliance requirement,lhampton,840,2025-04-06 14:34:08,411,5,2025-01-21,7,33,2025-04-23,1,2025-04-23 14:34:08,Admin correction,2,754,861,7,94,0,0,0,0
34,1,35,Green,SQL,2023-03-29 14:34:08,User profile refresh,reginald88,822,2023-03-29 14:34:08,250,4,2023-02-17,513,34,2023-06-05,0,2023-04-20 14:34:08,Admin correction,2,36,350,8,84,0,0,0,0
35,1,36,Blue,Python,2024-03-17 14:34:08,User profile refresh,fgreen,78,2024-03-17 14:34:08,703,3,2024-01-14,220,35,2024-06-18,0,2024-03-19 14:34:08,User profile refresh,9,462,366,5,4,0,0,0,0
36,1,37,Blue,Scrum Master,2023-04-09 14:34:08,Admin correction,andrea00,701,2023-04-09 14:34:08,231,1,2023-03-28,736,36,2023-07-03,1,2023-04-18 14:34:08,Automated system update,5,491,440,1,25,0,0,0,0
37,1,42,SQL,Scrum Master,2025-01-05 14:34:08,Automated system update,lindasanchez,960,2025-01-05 14:34:08,742,5,2024-11-25,858,37,2025-02-21,1,2025-01-17 14:34:08,User profile refresh,2,542,48,3,74,0,0,0,0
38,1,42,Blue,SQL,2023-03-13 14:34:08,Admin correction,garnererica,640,2023-03-13 14:34:08,682,4,2022-12-26,949,38,2023-05-24,0,2023-03-18 14:34:08,User profile refresh,9,823,492,1,27,0,0,0,0
39,1,45,Running,Excel,2023-03-28 14:34:08,Compliance requirement,sabrina23,176,2023-03-28 14:34:08,103,2,2023-03-18,832,39,2023-04-30,0,2023-04-02 14:34:08,Admin correction,10,378,857,2,12,0,0,0,0
40,1,45,SQL,Green,2022-10-20 14:34:08,Automated system update,jamiesalazar,917,2022-10-20 14:34:08,726,3,2022-10-02,753,40,2022-12-23,1,2022-10-27 14:34:08,Compliance requirement,7,364,867,4,9,0,0,0,0
41,1,46,Blue,Python,2024-11-21 14:34:08,Compliance requirement,crusso,999,2024-11-21 14:34:08,798,2,2024-10-27,512,41,2024-12-05,1,2024-11-29 14:34:08,Compliance requirement,4,460,605,1,16,0,0,0,0
42,1,46,Running,Green,2024-03-20 14:34:08,User updated field,thomasdarius,882,2024-03-20 14:34:08,199,5,2024-01-15,59,42,2024-06-05,1,2024-04-01 14:34:08,Compliance requirement,8,75,315,9,2,0,0,0,0
43,1,46,Running,Python,2023-10-14 14:34:08,Automated system update,sbecker,850,2023-10-14 14:34:08,813,5,2023-09-21,221,43,2024-01-03,0,2023-11-03 14:34:08,Admin correction,8,541,309,8,12,0,0,0,0
44,1,47,AWS Certified,Green,2024-08-07 14:34:08,User profile refresh,mark95,700,2024-08-07 14:34:08,158,2,2024-05-31,704,44,2024-11-13,0,2024-09-05 14:34:08,Automated system update,6,840,969,2,28,0,0,0,0
45,1,48,AWS Certified,Green,2024-09-12 14:34:08,Admin correction,darlenemedina,610,2024-09-12 14:34:08,113,1,2024-06-24,906,45,2024-10-09,1,2024-09-21 14:34:08,Admin correction,2,898,127,1,61,0,0,0,0
46,1,48,Python,Running,2023-06-07 14:34:08,Admin correction,hcook,475,2023-06-07 14:34:08,988,4,2023-03-27,58,46,2023-09-08,0,2023-06-10 14:34:08,User updated field,8,958,881,4,53,0,0,0,0
47,1,48,Green,Running,2022-10-27 14:34:08,Admin correction,emily50,89,2022-10-27 14:34:08,119,5,2022-10-14,574,47,2023-01-05,1,2022-11-25 14:34:08,User profile refresh,6,86,386,2,66,0,0,0,0
48,1,50,Green,AWS Certified,2023-07-23 14:34:08,Compliance requirement,thomasdanielle,440,2023-07-23 14:34:08,497,2,2023-05-03,70,48,2023-10-13,0,2023-08-02 14:34:08,User profile refresh,7,448,925,8,4,0,0,0,0
49,1,50,Scrum Master,SQL,2023-03-23 14:34:08,Compliance requirement,thompsonchristine,347,2023-03-23 14:34:08,667,1,2023-02-13,395,49,2023-04-26,1,2023-04-07 14:34:08,User profile refresh,2,905,661,4,32,0,0,0,0
50,2,2,Scrum Master,SQL,2024-06-30 14:34:08,Compliance requirement,qfoley,951,2024-06-30 14:34:08,745,5,2024-04-04,654,50,2024-08-29,1,2024-07-22 14:34:08,Automated system update,4,819,348,5,5,0,0,0,0
51,2,3,AWS Certified,Cycling,2025-02-04 14:34:08,Automated system update,jessica59,70,2025-02-04 14:34:08,884,5,2024-11-15,72,51,2025-04-01,0,2025-02-18 14:34:08,Compliance requirement,3,750,427,10,81,0,0,0,0
52,2,5,AWS Certified,Cycling,2024-07-21 14:34:08,User updated field,michelle70,745,2024-07-21 14:34:08,29,4,2024-07-03,646,52,2024-09-02,1,2024-08-17 14:34:08,Automated system update,10,632,366,4,27,0,0,0,0
53,2,6,Excel,AWS Certified,2023-06-04 14:34:08,Compliance requirement,griffinian,512,2023-06-04 14:34:08,720,4,2023-04-03,804,53,2023-08-22,1,2023-06-15 14:34:08,Admin correction,9,250,864,6,89,0,0,0,0
54,2,6,AWS Certified,Blue,2023-02-27 14:34:08,Admin correction,barkertracy,2,2023-02-27 14:34:08,876,1,2022-12-09,239,54,2023-03-18,0,2023-03-19 14:34:08,Compliance requirement,10,873,400,5,14,0,0,0,0
55,2,7,SQL,Excel,2025-01-19 14:34:08,Admin correction,ojoseph,19,2025-01-19 14:34:08,542,1,2024-12-20,494,55,2025-04-13,0,2025-01-20 14:34:08,User updated field,9,401,297,9,51,0,0,0,0
56,2,7,Python,SQL,2023-04-13 14:34:08,Automated system update,patrickeric,380,2023-04-13 14:34:08,500,1,2023-01-11,255,56,2023-05-16,1,2023-05-02 14:34:08,Automated system update,5,892,29,3,13,0,0,0,0
57,2,8,AWS Certified,Green,2023-05-07 14:34:08,User profile refresh,youngjonathan,33,2023-05-07 14:34:08,745,4,2023-04-12,125,57,2023-08-10,1,2023-05-08 14:34:08,Compliance requirement,3,698,898,8,18,0,0,0,0
58,2,8,Green,Scrum Master,2024-05-07 14:34:08,User profile refresh,joyce78,650,2024-05-07 14:34:08,937,3,2024-03-28,726,58,2024-06-18,1,2024-05-11 14:34:08,User profile refresh,7,234,858,7,44,0,0,0,0
59,2,9,Blue,SQL,2023-06-10 14:34:08,User updated field,ibutler,962,2023-06-10 14:34:08,832,2,2023-05-22,331,59,2023-09-07,1,2023-06-17 14:34:08,Compliance requirement,6,59,415,6,36,0,0,0,0
60,2,9,SQL,Blue,2022-12-08 14:34:08,User updated field,jburton,7,2022-12-08 14:34:08,507,1,2022-11-14,139,60,2023-01-08,0,2022-12-12 14:34:08,User updated field,2,184,264,4,89,0,0,0,0
61,2,9,Scrum Master,SQL,2022-11-20 14:34:08,User updated field,caitlingarcia,157,2022-11-20 14:34:08,966,3,2022-08-18,289,61,2022-12-19,1,2022-12-11 14:34:08,Automated system update,1,780,186,9,15,0,0,0,0
62,2,10,Green,Scrum Master,2023-08-05 14:34:08,Automated system update,brandi52,482,2023-08-05 14:34:08,222,4,2023-06-07,731,62,2023-10-31,0,2023-08-11 14:34:08,Compliance requirement,7,428,37,10,20,0,0,0,0
63,2,10,Blue,AWS Certified,2024-08-01 14:34:08,User profile refresh,longjulie,643,2024-08-01 14:34:08,79,5,2024-05-23,141,63,2024-08-30,1,2024-08-16 14:34:08,Admin correction,8,634,132,3,40,0,0,0,0
64,2,11,Scrum Master,Python,2022-12-30 14:34:08,Compliance requirement,fholmes,431,2022-12-30 14:34:08,323,1,2022-11-13,509,64,2023-02-21,0,2023-01-21 14:34:08,User updated field,5,920,148,7,79,0,0,0,0
65,2,13,Green,Running,2025-01-27 14:34:08,User profile refresh,phylliswilson,728,2025-01-27 14:34:08,197,1,2024-10-22,583,65,2025-04-09,1,2025-02-05 14:34:08,User profile refresh,8,799,835,3,39,0,0,0,0
66,2,14,AWS Certified,Cycling,2024-02-13 14:34:08,Admin correction,rhondaflowers,490,2024-02-13 14:34:08,682,3,2023-11-14,393,66,2024-03-30,0,2024-03-06 14:34:08,User updated field,6,419,143,5,61,0,0,0,0
67,2,14,Excel,Python,2025-05-08 14:34:08,User updated field,danielhernandez,299,2025-05-08 14:34:08,99,5,2025-03-29,833,67,2025-06-29,1,2025-06-05 14:34:08,Automated system update,1,731,673,7,32,0,0,0,0
68,2,15,SQL,Blue,2024-06-03 14:34:08,User profile refresh,heatherrobinson,83,2024-06-03 14:34:08,177,1,2024-04-15,319,68,2024-07-19,1,2024-06-17 14:34:08,Admin correction,3,139,580,4,60,0,0,0,0
69,2,15,SQL,Green,2025-01-04 14:34:08,User profile refresh,john92,30,2025-01-04 14:34:08,117,2,2024-09-30,973,69,2025-01-29,1,2025-01-13 14:34:08,Automated system update,3,287,482,8,2,0,0,0,0
70,2,15,SQL,Cycling,2023-08-19 14:34:08,Admin correction,timothylong,152,2023-08-19 14:34:08,942,5,2023-06-01,594,70,2023-09-23,0,2023-08-24 14:34:08,Compliance requirement,6,605,297,5,7,0,0,0,0
71,2,24,Running,Python,2025-06-02 14:34:08,User updated field,dhart,530,2025-06-02 14:34:08,813,2,2025-03-07,27,71,2025-06-19,0,2025-06-22 14:34:08,Compliance requirement,6,687,477,3,55,0,0,0,0
72,2,24,SQL,Green,2025-01-05 14:34:08,Compliance requirement,hancockrhonda,953,2025-01-05 14:34:08,281,4,2024-12-01,892,72,2025-04-07,0,2025-01-22 14:34:08,User updated field,7,771,792,4,9,0,0,0,0
73,2,25,AWS Certified,Running,2023-06-08 14:34:08,User updated field,rgarcia,347,2023-06-08 14:34:08,521,5,2023-03-31,331,73,2023-07-27,0,2023-06-25 14:34:08,Compliance requirement,7,930,954,6,82,0,0,0,0
74,2,28,Green,AWS Certified,2023-10-10 14:34:08,Admin correction,andersonjocelyn,999,2023-10-10 14:34:08,822,3,2023-08-19,981,74,2024-01-15,1,2023-10-26 14:34:08,Automated system update,1,588,194,10,33,0,0,0,0
75,2,29,Green,Python,2025-03-07 14:34:08,Admin correction,gregory80,738,2025-03-07 14:34:08,61,5,2024-12-14,814,75,2025-03-24,0,2025-03-15 14:34:08,User profile refresh,8,179,636,2,17,0,0,0,0
76,2,29,Blue,Scrum Master,2025-06-05 14:34:08,Compliance requirement,tyler12,385,2025-06-05 14:34:08,521,5,2025-04-10,422,76,2025-08-14,0,2025-06-15 14:34:08,User updated field,7,845,587,7,9,0,0,0,0
77,2,29,SQL,Scrum Master,2024-09-05 14:34:08,Compliance requirement,jfletcher,956,2024-09-05 14:34:08,35,1,2024-08-26,192,77,2024-12-04,1,2024-09-29 14:34:08,Admin correction,5,558,416,4,52,0,0,0,0
78,2,30,Green,SQL,2023-11-29 14:34:08,Automated system update,jennifer26,494,2023-11-29 14:34:08,613,1,2023-11-06,14,78,2023-12-29,0,2023-12-28 14:34:08,User profile refresh,9,440,489,9,2,0,0,0,0
79,2,30,Scrum Master,Cycling,2023-03-20 14:34:08,User updated field,alexandriaeaton,152,2023-03-20 14:34:08,761,3,2023-01-03,109,79,2023-05-24,1,2023-03-26 14:34:08,User profile refresh,2,249,563,7,30,0,0,0,0
80,2,32,Green,Running,2024-10-03 14:34:08,User profile refresh,patriciariddle,307,2024-10-03 14:34:08,765,2,2024-08-23,150,80,2024-10-20,1,2024-10-24 14:34:08,User updated field,5,603,212,1,39,0,0,0,0
81,2,33,Blue,AWS Certified,2023-06-06 14:34:08,Compliance requirement,tanya86,340,2023-06-06 14:34:08,551,1,2023-03-27,261,81,2023-08-26,0,2023-07-05 14:34:08,User profile refresh,6,733,254,10,75,0,0,0,0
82,2,33,Scrum Master,Cycling,2025-06-18 14:34:08,User updated field,reedpatrick,853,2025-06-18 14:34:08,95,5,2025-04-29,277,82,2025-08-10,0,2025-06-24 14:34:08,User updated field,10,698,435,4,26,0,0,0,0
83,2,34,SQL,Python,2024-06-21 14:34:08,Compliance requirement,pacerachel,868,2024-06-21 14:34:08,403,5,2024-06-04,719,83,2024-09-13,1,2024-07-13 14:34:08,User profile refresh,7,254,495,3,83,0,0,0,0
84,2,34,Scrum Master,Running,2023-04-30 14:34:08,User profile refresh,cody11,144,2023-04-30 14:34:08,958,5,2023-02-25,352,84,2023-05-21,1,2023-05-06 14:34:08,User profile refresh,9,566,801,6,89,0,0,0,0
85,2,39,Python,SQL,2022-10-13 14:34:08,User profile refresh,kevin93,808,2022-10-13 14:34:08,136,4,2022-07-15,663,85,2022-12-23,1,2022-11-10 14:34:08,Admin correction,6,327,521,8,63,0,0,0,0
86,2,40,Excel,SQL,2023-03-24 14:34:08,User updated field,stephanie30,41,2023-03-24 14:34:08,530,1,2023-01-05,334,86,2023-06-29,0,2023-04-15 14:34:08,User profile refresh,1,364,983,10,66,0,0,0,0
87,2,41,Running,Blue,2022-12-06 14:34:08,Compliance requirement,kyle15,716,2022-12-06 14:34:08,760,5,2022-10-29,173,87,2023-02-19,0,2022-12-10 14:34:08,Automated system update,3,482,618,10,96,0,0,0,0
88,2,41,Excel,Blue,2022-10-29 14:34:08,Automated system update,huntapril,893,2022-10-29 14:34:08,696,2,2022-09-18,991,88,2022-12-22,1,2022-11-06 14:34:08,Admin correction,10,682,657,1,47,0,0,0,0
89,2,41,Running,Python,2022-11-03 14:34:08,Automated system update,amyanderson,706,2022-11-03 14:34:08,429,5,2022-10-24,741,89,2023-01-04,1,2022-11-13 14:34:08,Admin correction,6,508,749,7,61,0,0,0,0
90,2,42,Excel,Cycling,2022-10-31 14:34:08,User profile refresh,ipage,9,2022-10-31 14:34:08,347,4,2022-09-21,441,90,2022-11-17,1,2022-11-21 14:34:08,User updated field,1,828,464,4,67,0,0,0,0
91,2,42,AWS Certified,Excel,2023-12-20 14:34:08,User updated field,nicholas82,929,2023-12-20 14:34:08,4,3,2023-10-01,670,91,2024-03-29,0,2023-12-29 14:34:08,User profile refresh,3,285,571,3,91,0,0,0,0
92,2,43,Blue,Excel,2023-05-15 14:34:08,User profile refresh,akramer,430,2023-05-15 14:34:08,45,2,2023-05-03,19,92,2023-06-10,0,2023-06-13 14:34:08,User updated field,1,358,418,7,13,0,0,0,0
93,2,43,AWS Certified,Excel,2022-11-15 14:34:08,Automated system update,matthew90,639,2022-11-15 14:34:08,893,1,2022-11-05,540,93,2023-02-02,1,2022-12-11 14:34:08,User profile refresh,5,555,599,5,80,0,0,0,0
94,2,48,Cycling,Scrum Master,2023-07-29 14:34:08,Admin correction,mmiller,193,2023-07-29 14:34:08,788,5,2023-06-11,341,94,2023-09-07,1,2023-08-15 14:34:08,Compliance requirement,5,108,328,1,17,0,0,0,0
95,2,48,Excel,Python,2024-10-13 14:34:08,User updated field,blewis,354,2024-10-13 14:34:08,659,4,2024-07-29,235,95,2024-12-30,1,2024-10-31 14:34:08,Automated system update,2,168,751,9,29,0,0,0,0
96,2,48,Green,Python,2024-09-22 14:34:08,Admin correction,amber52,598,2024-09-22 14:34:08,614,1,2024-06-19,913,96,2024-11-04,0,2024-09-25 14:34:08,Compliance requirement,10,507,484,5,46,0,0,0,0
97,3,3,Excel,Scrum Master,2023-02-09 14:34:08,User profile refresh,dorseystacy,476,2023-02-09 14:34:08,435,2,2023-01-01,30,97,2023-05-09,1,2023-02-21 14:34:08,User updated field,6,17,535,7,71,0,0,0,0
98,3,3,Blue,Python,2025-03-16 14:34:08,User profile refresh,bowmanlinda,741,2025-03-16 14:34:08,434,2,2025-01-18,909,98,2025-04-16,1,2025-03-18 14:34:08,Compliance requirement,3,209,903,6,78,0,0,0,0
99,3,3,Running,Cycling,2024-07-18 14:34:08,User updated field,tateallison,278,2024-07-18 14:34:08,230,2,2024-07-01,744,99,2024-08-19,1,2024-07-21 14:34:08,User profile refresh,7,261,868,10,98,0,0,0,0
100,3,9,Cycling,Python,2025-04-07 14:34:08,Admin correction,brownbrooke,765,2025-04-07 14:34:08,93,4,2025-01-29,275,100,2025-07-14,0,2025-04-08 14:34:08,Automated system update,3,6,432,9,56,0,0,0,0
101,3,9,Cycling,Green,2024-01-01 14:34:08,Compliance requirement,carl06,189,2024-01-01 14:34:08,995,3,2023-11-14,931,101,2024-04-07,0,2024-01-02 14:34:08,Admin correction,4,968,693,4,57,0,0,0,0
102,3,11,Running,Scrum Master,2023-07-26 14:34:08,User profile refresh,hallmelinda,681,2023-07-26 14:34:08,943,1,2023-05-28,800,102,2023-08-26,1,2023-08-22 14:34:08,User updated field,1,117,796,3,43,0,0,0,0
103,3,14,AWS Certified,Cycling,2023-02-23 14:34:08,Compliance requirement,biancagray,533,2023-02-23 14:34:08,1000,5,2023-01-22,959,103,2023-04-16,1,2023-03-15 14:34:08,User profile refresh,9,840,289,4,98,0,0,0,0
104,3,14,SQL,Scrum Master,2024-03-25 14:34:08,Admin correction,christine42,943,2024-03-25 14:34:08,844,1,2024-01-27,334,104,2024-04-05,1,2024-03-31 14:34:08,User updated field,5,275,663,8,22,0,0,0,0
105,3,15,SQL,Cycling,2024-01-25 14:34:08,User updated field,chadosborne,541,2024-01-25 14:34:08,38,3,2023-11-26,891,105,2024-02-28,0,2024-02-05 14:34:08,Admin correction,1,764,836,4,22,0,0,0,0
106,3,15,Excel,Cycling,2022-11-08 14:34:08,Compliance requirement,jillhawkins,984,2022-11-08 14:34:08,260,3,2022-08-03,437,106,2022-12-09,1,2022-12-06 14:34:08,Automated system update,7,876,5,9,42,0,0,0,0
107,3,16,Blue,Scrum Master,2023-11-01 14:34:08,Admin correction,william95,658,2023-11-01 14:34:08,314,4,2023-08-16,422,107,2023-12-02,0,2023-11-08 14:34:08,User updated field,5,981,132,3,69,0,0,0,0
108,3,16,Excel,Green,2024-05-19 14:34:08,User updated field,esparzakenneth,188,2024-05-19 14:34:08,274,3,2024-05-01,525,108,2024-06-27,1,2024-06-07 14:34:08,Automated system update,6,119,47,6,7,0,0,0,0
109,3,16,Excel,Green,2023-05-17 14:34:08,Automated system update,timothy89,801,2023-05-17 14:34:08,302,5,2023-03-04,412,109,2023-06-07,1,2023-06-16 14:34:08,Automated system update,2,438,974,2,44,0,0,0,0
110,3,17,Excel,Green,2024-05-05 14:34:08,User profile refresh,buchananmichael,206,2024-05-05 14:34:08,215,5,2024-04-18,684,110,2024-07-18,1,2024-05-06 14:34:08,User profile refresh,8,149,288,3,88,0,0,0,0
111,3,19,Python,Excel,2024-09-02 14:34:08,User updated field,qlee,126,2024-09-02 14:34:08,398,2,2024-06-21,415,111,2024-11-18,0,2024-09-04 14:34:08,User profile refresh,7,507,794,2,44,0,0,0,0
112,3,20,AWS Certified,Cycling,2025-04-09 14:34:08,User profile refresh,iblackwell,950,2025-04-09 14:34:08,943,1,2025-01-05,159,112,2025-05-30,1,2025-04-30 14:34:08,User updated field,7,225,287,4,39,0,0,0,0
113,3,20,Excel,Running,2024-01-11 14:34:08,User updated field,ccasey,759,2024-01-11 14:34:08,246,2,2023-11-19,375,113,2024-04-03,1,2024-02-08 14:34:08,Automated system update,7,168,189,5,63,0,0,0,0
114,3,20,Python,Excel,2023-08-18 14:34:08,Compliance requirement,heidi62,367,2023-08-18 14:34:08,325,2,2023-08-04,441,114,2023-10-31,1,2023-09-04 14:34:08,Compliance requirement,2,612,277,7,59,0,0,0,0
115,3,21,Python,Excel,2024-06-09 14:34:08,User profile refresh,robertyoung,563,2024-06-09 14:34:08,680,4,2024-04-09,589,115,2024-08-26,0,2024-06-25 14:34:08,Compliance requirement,3,662,165,8,24,0,0,0,0
116,3,21,Scrum Master,Cycling,2023-09-29 14:34:08,Automated system update,jstanley,905,2023-09-29 14:34:08,703,2,2023-08-17,755,116,2023-12-01,0,2023-10-08 14:34:08,Admin correction,2,819,90,5,23,0,0,0,0
117,3,25,Scrum Master,Excel,2023-10-13 14:34:08,User updated field,byrdkyle,324,2023-10-13 14:34:08,963,5,2023-08-20,392,117,2023-12-08,0,2023-11-07 14:34:08,Compliance requirement,7,345,173,8,56,0,0,0,0
118,3,25,Python,Scrum Master,2024-01-12 14:34:08,Admin correction,gmaldonado,788,2024-01-12 14:34:08,426,1,2023-12-19,454,118,2024-03-29,1,2024-01-23 14:34:08,User updated field,7,47,689,5,48,0,0,0,0
119,3,26,Python,Green,2023-04-27 14:34:08,Admin correction,brandonnorris,108,2023-04-27 14:34:08,338,4,2023-02-18,411,119,2023-06-20,0,2023-05-22 14:34:08,User updated field,1,542,54,8,12,0,0,0,0
120,3,26,SQL,Excel,2025-05-02 14:34:08,Automated system update,npatterson,36,2025-05-02 14:34:08,441,4,2025-04-21,811,120,2025-06-17,1,2025-05-17 14:34:08,User updated field,8,336,272,8,26,0,0,0,0
121,3,26,Excel,Blue,2024-02-12 14:34:08,User profile refresh,lopezjames,206,2024-02-12 14:34:08,630,1,2023-11-27,229,121,2024-03-28,0,2024-02-23 14:34:08,Automated system update,2,7,638,4,82,0,0,0,0
122,3,34,Excel,Running,2024-06-14 14:34:08,User updated field,gmayo,271,2024-06-14 14:34:08,307,5,2024-04-17,481,122,2024-08-30,0,2024-06-24 14:34:08,Admin correction,9,671,429,5,31,0,0,0,0
123,3,36,AWS Certified,Green,2025-06-17 14:34:08,Automated system update,ashley81,477,2025-06-17 14:34:08,812,5,2025-05-21,982,123,2025-09-01,1,2025-06-22 14:34:08,Admin correction,7,70,919,5,5,0,0,0,0
124,3,38,Running,Excel,2023-10-14 14:34:08,User updated field,stokessarah,532,2023-10-14 14:34:08,941,3,2023-09-04,178,124,2023-12-31,0,2023-10-24 14:34:08,Automated system update,6,65,668,2,2,0,0,0,0
125,3,38,Cycling,Excel,2025-03-09 14:34:08,Admin correction,eric84,577,2025-03-09 14:34:08,323,3,2024-12-19,976,125,2025-05-06,0,2025-03-15 14:34:08,Compliance requirement,8,424,255,4,62,0,0,0,0
126,3,44,Running,Excel,2024-09-29 14:34:08,Compliance requirement,catherinesmith,878,2024-09-29 14:34:08,562,5,2024-07-21,72,126,2024-12-04,1,2024-10-14 14:34:08,Automated system update,10,6,594,1,38,0,0,0,0
127,3,44,Cycling,Scrum Master,2025-04-06 14:34:08,User profile refresh,john81,821,2025-04-06 14:34:08,855,3,2024-12-31,763,127,2025-04-19,1,2025-04-20 14:34:08,User profile refresh,3,806,282,3,82,0,0,0,0
128,3,44,Excel,Running,2023-03-02 14:34:08,User profile refresh,mchandler,799,2023-03-02 14:34:08,381,4,2022-12-01,767,128,2023-03-22,0,2023-03-03 14:34:08,User updated field,9,276,873,6,47,0,0,0,0
129,3,46,Python,Excel,2024-07-15 14:34:08,Compliance requirement,johnsonrobert,972,2024-07-15 14:34:08,554,5,2024-05-12,97,129,2024-09-18,0,2024-08-09 14:34:08,User updated field,8,16,162,5,42,0,0,0,0
130,3,49,Blue,Running,2025-02-01 14:34:08,Compliance requirement,sara67,15,2025-02-01 14:34:08,655,1,2024-10-30,572,130,2025-03-21,1,2025-02-18 14:34:08,Compliance requirement,8,942,863,3,52,0,0,0,0
131,3,49,Excel,Running,2025-06-18 14:34:08,Compliance requirement,stephaniefrey,339,2025-06-18 14:34:08,536,4,2025-05-20,955,131,2025-07-05,0,2025-07-13 14:34:08,Compliance requirement,5,424,748,1,24,0,0,0,0
132,3,49,AWS Certified,Scrum Master,2023-03-09 14:34:08,Automated system update,tapiaanthony,465,2023-03-09 14:34:08,900,5,2023-02-04,873,132,2023-05-02,1,2023-04-08 14:34:08,Compliance requirement,4,190,334,5,14,0,0,0,0
133,3,50,Cycling,Running,2024-02-27 14:34:08,User profile refresh,cheryl66,686,2024-02-27 14:34:08,149,5,2024-02-04,236,133,2024-03-15,0,2024-03-08 14:34:08,Compliance requirement,9,537,84,8,49,0,0,0,0
134,3,50,Running,Cycling,2025-01-21 14:34:08,Compliance requirement,thompsontodd,424,2025-01-21 14:34:08,942,4,2024-12-23,53,134,2025-03-12,0,2025-02-11 14:34:08,User profile refresh,4,446,689,3,10,0,0,0,0
135,3,50,Scrum Master,Python,2025-05-03 14:34:08,Compliance requirement,hernandezkatherine,647,2025-05-03 14:34:08,377,5,2025-04-13,821,135,2025-08-01,1,2025-05-31 14:34:08,Compliance requirement,9,828,687,8,45,0,0,0,0
136,4,3,Python,Running,2024-05-06 14:34:08,Admin correction,teresa23,16,2024-05-06 14:34:08,409,2,2024-03-17,620,136,2024-07-06,1,2024-05-08 14:34:08,User profile refresh,1,67,571,10,100,0,0,0,0
137,4,3,Excel,Green,2024-07-24 14:34:08,Compliance requirement,rmosley,874,2024-07-24 14:34:08,216,4,2024-04-21,4,137,2024-10-09,0,2024-07-25 14:34:08,User profile refresh,5,256,694,9,26,0,0,0,0
138,4,3,Cycling,SQL,2023-07-11 14:34:08,User profile refresh,matthew43,779,2023-07-11 14:34:08,342,3,2023-04-20,706,138,2023-10-02,0,2023-07-21 14:34:08,Admin correction,7,63,198,8,53,0,0,0,0
139,4,5,Cycling,AWS Certified,2023-05-21 14:34:08,User profile refresh,michael92,609,2023-05-21 14:34:08,847,2,2023-04-02,370,139,2023-08-09,1,2023-05-25 14:34:08,User profile refresh,4,420,871,3,20,0,0,0,0
140,4,5,AWS Certified,Green,2023-06-30 14:34:08,Automated system update,johnsoncurtis,699,2023-06-30 14:34:08,714,1,2023-05-15,437,140,2023-09-23,0,2023-07-27 14:34:08,Admin correction,5,245,396,7,14,0,0,0,0
141,4,6,Excel,SQL,2024-07-23 14:34:08,Admin correction,sarahwood,816,2024-07-23 14:34:08,422,5,2024-06-22,756,141,2024-10-14,0,2024-08-09 14:34:08,Admin correction,5,597,606,6,50,0,0,0,0
142,4,7,Excel,Cycling,2025-05-27 14:34:08,User profile refresh,samantha95,210,2025-05-27 14:34:08,985,1,2025-03-15,448,142,2025-08-27,0,2025-06-07 14:34:08,User updated field,3,650,923,9,23,0,0,0,0
143,4,7,Python,SQL,2024-03-15 14:34:08,Automated system update,stephaniemiller,685,2024-03-15 14:34:08,367,2,2024-01-09,934,143,2024-05-07,1,2024-04-03 14:34:08,Compliance requirement,9,914,377,10,98,0,0,0,0
144,4,7,Green,Python,2023-03-10 14:34:08,Admin correction,jameswilson,534,2023-03-10 14:34:08,811,3,2023-01-05,997,144,2023-05-05,0,2023-03-23 14:34:08,User updated field,5,867,502,4,77,0,0,0,0
145,4,11,Excel,SQL,2023-01-02 14:34:08,Automated system update,xthompson,388,2023-01-02 14:34:08,803,4,2022-09-26,527,145,2023-01-14,1,2023-01-05 14:34:08,User updated field,5,956,627,4,100,0,0,0,0
146,4,11,Green,Blue,2024-02-27 14:34:08,User profile refresh,timothywilson,338,2024-02-27 14:34:08,407,3,2024-01-28,714,146,2024-04-15,1,2024-03-11 14:34:08,User profile refresh,8,978,506,4,9,0,0,0,0
147,4,13,Green,AWS Certified,2023-05-21 14:34:08,User updated field,greenejohn,548,2023-05-21 14:34:08,97,5,2023-05-05,925,147,2023-06-01,1,2023-06-19 14:34:08,Compliance requirement,4,347,358,8,65,0,0,0,0
148,4,13,Cycling,Running,2025-04-10 14:34:08,Compliance requirement,walshstephen,601,2025-04-10 14:34:08,794,2,2025-01-13,265,148,2025-05-14,0,2025-05-07 14:34:08,User updated field,9,569,555,7,66,0,0,0,0
149,4,13,Blue,Cycling,2024-11-02 14:34:08,Automated system update,anthonylindsey,59,2024-11-02 14:34:08,407,5,2024-09-10,287,149,2025-01-26,1,2024-11-10 14:34:08,User profile refresh,5,535,624,4,97,0,0,0,0
150,4,17,Scrum Master,Running,2025-04-04 14:34:08,User profile refresh,terryheather,518,2025-04-04 14:34:08,537,4,2025-02-22,462,150,2025-05-17,0,2025-05-03 14:34:08,Automated system update,8,128,138,1,67,0,0,0,0
151,4,17,Excel,Python,2025-06-13 14:34:08,User updated field,stephenmiller,852,2025-06-13 14:34:08,731,4,2025-04-26,675,151,2025-07-01,1,2025-06-30 14:34:08,User updated field,10,888,108,8,22,0,0,0,0
152,4,17,Cycling,Excel,2023-02-09 14:34:08,User profile refresh,brittany79,260,2023-02-09 14:34:08,333,1,2023-01-15,837,152,2023-03-09,0,2023-02-25 14:34:08,Automated system update,7,627,671,9,26,0,0,0,0
153,4,18,SQL,Green,2025-05-22 14:34:08,Compliance requirement,bsandoval,625,2025-05-22 14:34:08,586,4,2025-04-08,71,153,2025-07-08,1,2025-06-09 14:34:08,Compliance requirement,3,125,190,7,85,0,0,0,0
154,4,18,Scrum Master,AWS Certified,2023-08-02 14:34:08,User updated field,blopez,845,2023-08-02 14:34:08,868,4,2023-05-02,509,154,2023-09-22,0,2023-08-28 14:34:08,User updated field,7,181,858,4,80,0,0,0,0
155,4,18,Cycling,Blue,2022-11-19 14:34:08,User profile refresh,belinda97,903,2022-11-19 14:34:08,860,4,2022-09-23,928,155,2023-01-05,1,2022-11-27 14:34:08,User profile refresh,7,347,311,9,65,0,0,0,0
156,4,20,Scrum Master,Excel,2023-04-23 14:34:08,Automated system update,david03,62,2023-04-23 14:34:08,699,4,2023-02-13,281,156,2023-05-09,0,2023-05-23 14:34:08,Admin correction,4,10,82,7,38,0,0,0,0
157,4,20,Blue,AWS Certified,2024-04-11 14:34:08,User profile refresh,ashley67,448,2024-04-11 14:34:08,980,2,2024-01-19,971,157,2024-05-08,1,2024-05-03 14:34:08,User profile refresh,6,739,138,6,50,0,0,0,0
158,4,21,Cycling,Excel,2025-06-06 14:34:08,User updated field,elizabeth84,725,2025-06-06 14:34:08,129,1,2025-04-26,438,158,2025-08-04,0,2025-06-16 14:34:08,Automated system update,2,803,884,3,100,0,0,0,0
159,4,23,Running,Blue,2025-03-10 14:34:08,Automated system update,rrogers,972,2025-03-10 14:34:08,775,1,2025-02-08,141,159,2025-03-22,0,2025-04-06 14:34:08,Admin correction,9,592,339,2,86,0,0,0,0
160,4,23,Running,Python,2023-11-24 14:34:08,Automated system update,chelseajohnson,406,2023-11-24 14:34:08,716,3,2023-08-31,446,160,2024-02-15,0,2023-12-19 14:34:08,Automated system update,1,62,285,3,36,0,0,0,0
161,4,27,SQL,Running,2024-09-08 14:34:08,User profile refresh,david12,84,2024-09-08 14:34:08,774,2,2024-08-05,213,161,2024-10-11,1,2024-10-04 14:34:08,Automated system update,1,990,713,1,14,0,0,0,0
162,4,27,Running,Scrum Master,2023-03-14 14:34:08,User profile refresh,unolan,974,2023-03-14 14:34:08,24,4,2023-02-14,112,162,2023-03-28,1,2023-04-11 14:34:08,Admin correction,5,836,315,2,95,0,0,0,0
163,4,27,Green,AWS Certified,2025-03-22 14:34:08,Admin correction,martinlisa,524,2025-03-22 14:34:08,727,3,2025-01-09,356,163,2025-06-06,1,2025-04-21 14:34:08,Automated system update,9,276,694,8,98,0,0,0,0
164,4,28,Excel,Blue,2022-10-31 14:34:08,Admin correction,nelsonchristopher,365,2022-10-31 14:34:08,665,2,2022-07-27,764,164,2022-12-25,1,2022-11-21 14:34:08,User profile refresh,3,349,375,4,88,0,0,0,0
165,4,31,Cycling,Blue,2025-01-20 14:34:08,Admin correction,marieramos,442,2025-01-20 14:34:08,459,1,2024-11-27,68,165,2025-02-28,1,2025-02-02 14:34:08,Compliance requirement,7,971,791,3,98,0,0,0,0
166,4,31,Scrum Master,Blue,2024-06-06 14:34:08,User profile refresh,william63,320,2024-06-06 14:34:08,644,4,2024-04-10,88,166,2024-09-02,1,2024-07-02 14:34:08,User profile refresh,1,281,934,6,67,0,0,0,0
167,4,31,Blue,Cycling,2025-04-17 14:34:08,User updated field,jameswilson,478,2025-04-17 14:34:08,85,5,2025-02-14,678,167,2025-06-17,1,2025-05-10 14:34:08,Automated system update,10,37,198,1,37,0,0,0,0
168,4,34,Scrum Master,Blue,2022-10-23 14:34:08,User profile refresh,sonia59,367,2022-10-23 14:34:08,600,5,2022-08-20,366,168,2022-12-17,1,2022-11-03 14:34:08,User updated field,3,410,30,2,15,0,0,0,0
169,4,35,Cycling,Blue,2025-01-15 14:34:08,User profile refresh,noblemelissa,18,2025-01-15 14:34:08,843,5,2024-11-19,789,169,2025-02-15,0,2025-01-30 14:34:08,Compliance requirement,7,926,144,7,17,0,0,0,0
170,4,35,Scrum Master,SQL,2025-06-02 14:34:08,User profile refresh,whoward,823,2025-06-02 14:34:08,803,1,2025-04-25,995,170,2025-07-01,0,2025-06-03 14:34:08,User updated field,9,638,48,1,90,0,0,0,0
171,4,35,Excel,Cycling,2024-10-31 14:34:08,Automated system update,sandovalrenee,140,2024-10-31 14:34:08,732,1,2024-08-21,960,171,2025-01-13,0,2024-11-17 14:34:08,Admin correction,7,328,895,8,94,0,0,0,0
172,4,38,Green,Python,2024-07-31 14:34:08,Automated system update,cesar80,472,2024-07-31 14:34:08,826,4,2024-07-11,389,172,2024-08-26,1,2024-08-06 14:34:08,Compliance requirement,9,237,423,5,45,0,0,0,0
173,4,39,Scrum Master,Running,2022-11-18 14:34:08,User updated field,david15,739,2022-11-18 14:34:08,423,1,2022-11-03,862,173,2023-02-23,0,2022-11-29 14:34:08,User updated field,8,146,416,7,77,0,0,0,0
174,4,40,Cycling,Green,2025-01-23 14:34:08,Compliance requirement,bsilva,318,2025-01-23 14:34:08,914,4,2024-12-24,730,174,2025-03-02,0,2025-02-02 14:34:08,Automated system update,10,38,611,6,43,0,0,0,0
175,4,41,Python,Cycling,2023-05-29 14:34:08,Admin correction,hornjasmine,567,2023-05-29 14:34:08,24,1,2023-03-22,403,175,2023-08-22,0,2023-06-22 14:34:08,User updated field,7,712,553,3,98,0,0,0,0
176,4,41,Cycling,Python,2024-03-10 14:34:08,User profile refresh,sfernandez,810,2024-03-10 14:34:08,743,4,2024-02-23,160,176,2024-04-07,1,2024-03-14 14:34:08,Admin correction,6,470,445,9,99,0,0,0,0
177,4,41,Python,Running,2024-03-06 14:34:08,Automated system update,comptonjoshua,3,2024-03-06 14:34:08,526,5,2024-01-15,770,177,2024-05-01,0,2024-03-20 14:34:08,Automated system update,8,394,415,3,7,0,0,0,0
178,4,44,AWS Certified,Blue,2025-04-14 14:34:08,Compliance requirement,qbyrd,59,2025-04-14 14:34:08,599,5,2025-02-23,27,178,2025-07-11,1,2025-04-23 14:34:08,Admin correction,9,927,650,5,53,0,0,0,0
179,4,44,Scrum Master,SQL,2024-09-28 14:34:08,User profile refresh,randy58,707,2024-09-28 14:34:08,850,5,2024-08-11,20,179,2024-12-05,1,2024-10-04 14:34:08,Compliance requirement,1,616,211,6,51,0,0,0,0
180,4,44,Scrum Master,Python,2024-10-08 14:34:08,Automated system update,wisesamantha,52,2024-10-08 14:34:08,310,5,2024-08-04,153,180,2024-10-27,0,2024-11-01 14:34:08,Automated system update,5,316,495,6,18,0,0,0,0
181,4,48,AWS Certified,SQL,2025-03-28 14:34:08,Admin correction,kimberly44,60,2025-03-28 14:34:08,371,1,2025-02-26,961,181,2025-04-16,0,2025-04-12 14:34:08,User profile refresh,5,329,61,8,39,0,0,0,0
182,4,48,AWS Certified,Scrum Master,2023-12-29 14:34:08,User profile refresh,sullivanmichael,603,2023-12-29 14:34:08,27,2,2023-11-30,420,182,2024-03-23,1,2024-01-16 14:34:08,Compliance requirement,10,273,639,4,13,0,0,0,0
183,4,48,Blue,Scrum Master,2022-10-30 14:34:08,Compliance requirement,jamesfaulkner,494,2022-10-30 14:34:08,943,2,2022-08-23,32,183,2022-12-27,1,2022-11-21 14:34:08,User updated field,10,572,696,9,100,0,0,0,0
184,4,50,SQL,Scrum Master,2025-03-09 14:34:08,Compliance requirement,pschneider,149,2025-03-09 14:34:08,955,4,2025-01-20,244,184,2025-03-30,0,2025-03-13 14:34:08,Automated system update,8,637,691,8,53,0,0,0,0
